"referral_id","carrier_id","auth_id"
"7","7","770"
"7","7","1055"
"8","8","774"
"8","8","775"
"8","8","776"
"8","8","1090"
"10","10","780"
"10","10","781"
"10","10","1047"
"10","10","1126"
"11","11","780"
"11","11","781"
"11","11","1000"
"11","11","1047"
"11","11","1112"
"11","11","1126"
"12","12","781"
"12","12","1001"
"12","12","1047"
"12","12","1112"
"12","12","1126"
"13","13","780"
"13","13","781"
"13","13","1047"
"13","13","1106"
"13","13","1126"
"14","14","781"
"14","14","790"
"14","14","1047"
"15","15","780"
"15","15","781"
"15","15","1047"
"15","15","1126"
"16","16","781"
"16","16","790"
"16","16","1047"
"16","16","1083"
"16","16","1090"
"16","16","1112"
"16","16","1143"
"17","17","780"
"17","17","781"
"17","17","1047"
"19","19","780"
"19","19","781"
"19","19","1020"
"19","19","1028"
"19","19","1047"
"19","19","1083"
"19","19","1084"
"19","19","1112"
"23","23","780"
"23","23","781"
"23","23","790"
"23","23","1047"
"23","23","1051"
"23","23","1052"
"23","23","1059"
"24","24","781"
"24","24","1020"
"24","24","1028"
"24","24","1047"
"24","24","1065"
"24","24","1071"
"24","24","1083"
"24","24","1084"
"24","24","1090"
"24","24","1126"
"24","24","1143"
"25","25","781"
"25","25","790"
"25","25","1011"
"25","25","1012"
"25","25","1047"
"25","25","1073"
"25","25","1074"
"25","25","1083"
"25","25","1112"
"27","27","780"
"27","27","781"
"27","27","1047"
"28","28","780"
"28","28","781"
"28","28","1015"
"28","28","1016"
"30","30","780"
"30","30","1126"
"31","31","780"
"31","31","781"
"31","31","1047"
"32","32","781"
"32","32","790"
"32","32","1047"
"32","32","1073"
"32","32","1074"
"32","32","1083"
"32","32","1112"
"33","33","780"
"33","33","781"
"33","33","1047"
"34","34","780"
"34","34","781"
"34","34","1047"
"35","35","780"
"35","35","781"
"35","35","1047"
"35","35","1112"
"35","35","1126"
"37","37","780"
"37","37","781"
"37","37","1047"
"41","41","780"
"41","41","781"
"41","41","1002"
"41","41","1047"
"41","41","1126"
"42","42","780"
"42","42","781"
"42","42","1047"
"42","42","1126"
"45","45","780"
"45","45","781"
"45","45","1047"
"45","45","1112"
"48","48","780"
"48","48","781"
"48","48","1112"
"51","51","780"
"51","51","781"
"51","51","790"
"51","51","1047"
"53","53","780"
"53","53","781"
"53","53","1047"
"54","54","780"
"54","54","1006"
"54","54","1007"
"54","54","1009"
"54","54","1047"
"54","54","1095"
"54","54","1096"
"57","57","1047"
"57","57","1074"
"57","57","1139"
"57","57","1140"
"57","57","1141"
"62","62","781"
"62","62","1020"
"62","62","1028"
"62","62","1047"
"62","62","1083"
"62","62","1084"
"62","62","1112"
"62","62","1143"
"65","65","780"
"65","65","781"
"65","65","1047"
"66","66","780"
"66","66","781"
"66","66","1001"
"66","66","1047"
"66","66","1056"
"66","66","1057"
"66","66","1092"
"69","69","780"
"69","69","781"
"69","69","1047"
"71","71","780"
"71","71","781"
"71","71","1092"
"72","72","780"
"72","72","781"
"72","72","1000"
"72","72","1090"
"72","72","1112"
"72","72","1126"
"72","72","1142"
"73","73","780"
"73","73","781"
"73","73","1047"
"74","74","779"
"77","77","780"
"77","77","781"
"77","77","1047"
"77","77","1074"
"77","77","1083"
"77","77","1085"
"77","77","1086"
"77","77","1112"
"78","78","780"
"78","78","781"
"78","78","1047"
"79","79","781"
"79","79","1047"
"80","80","780"
"80","80","781"
"80","80","1047"
"82","82","780"
"82","82","781"
"82","82","1047"
"83","83","780"
"83","83","781"
"83","83","1047"
"83","83","1068"
"83","83","1069"
"83","83","1092"
"84","84","781"
"84","84","790"
"84","84","1047"
"84","84","1083"
"84","84","1126"
"85","85","781"
"85","85","790"
"85","85","1015"
"85","85","1047"
"85","85","1083"
"85","85","1112"
"86","86","781"
"86","86","790"
"86","86","1047"
"86","86","1112"
"86","86","1126"
"88","88","781"
"88","88","790"
"88","88","1047"
"88","88","1072"
"89","89","781"
"89","89","1011"
"89","89","1012"
"89","89","1047"
"89","89","1071"
"89","89","1083"
"89","89","1084"
"89","89","1090"
"89","89","1112"
"89","89","1143"
"91","91","780"
"91","91","781"
"91","91","1047"
"91","91","1071"
"91","91","1083"
"91","91","1126"
"93","93","780"
"93","93","781"
"93","93","1047"
"93","93","1126"
"95","95","780"
"95","95","781"
"95","95","1047"
"96","96","780"
"96","96","781"
"96","96","1047"
"97","97","780"
"97","97","781"
"97","97","1047"
"98","98","780"
"98","98","781"
"98","98","1047"
"99","99","780"
"99","99","781"
"99","99","1047"
"100","100","780"
"100","100","781"
"100","100","1047"
"101","101","780"
"101","101","781"
"101","101","1047"
"101","101","1126"
"102","102","780"
"102","102","781"
"102","102","1047"
"103","103","780"
"103","103","781"
"103","103","1047"
"104","104","780"
"104","104","781"
"104","104","1047"
"108","108","780"
"108","108","781"
"108","108","1047"
"114","114","780"
"115","115","780"
"115","115","781"
"115","115","1047"
"118","118","780"
"118","118","781"
"118","118","1047"
"120","120","780"
"122","122","780"
"122","122","781"
"122","122","1047"
"124","124","780"
"124","124","781"
"124","124","1014"
"124","124","1047"
"126","126","1000"
"126","126","1048"
"127","127","780"
"127","127","781"
"127","127","1047"
"128","128","780"
"128","128","781"
"128","128","1014"
"128","128","1047"
"129","129","780"
"129","129","781"
"129","129","1047"
"130","130","780"
"130","130","781"
"130","130","1047"
"131","131","780"
"131","131","781"
"132","132","1014"
"133","133","1014"
"136","136","780"
"136","136","781"
"136","136","1047"
"137","137","780"
"137","137","781"
"137","137","1014"
"137","137","1047"
"138","138","780"
"138","138","781"
"138","138","1047"
"139","139","780"
"139","139","781"
"139","139","1047"
"140","140","780"
"140","140","781"
"140","140","1015"
"140","140","1016"
"140","140","1047"
"140","140","1087"
"140","140","1089"
"140","140","1112"
"142","142","1013"
"144","144","781"
"144","144","790"
"144","144","1047"
"144","144","1074"
"144","144","1077"
"145","145","1000"
"145","145","1011"
"145","145","1012"
"145","145","1015"
"145","145","1020"
"145","145","1028"
"145","145","1051"
"145","145","1052"
"145","145","1059"
"145","145","1089"
"145","145","1090"
"145","145","1106"
"145","145","1113"
"146","146","1000"
"146","146","1017"
"146","146","1018"
"146","146","1019"
"146","146","1020"
"146","146","1028"
"146","146","1065"
"146","146","1090"
"146","146","1100"
"147","147","780"
"147","147","781"
"147","147","1047"
"148","148","780"
"148","148","781"
"148","148","1047"
"149","149","1020"
"149","149","1028"
"149","149","1039"
"149","149","1040"
"149","149","1041"
"149","149","1090"
"150","150","780"
"150","150","1063"
"150","150","1068"
"150","150","1069"
"154","154","780"
"154","154","781"
"154","154","1047"
"156","156","780"
"156","156","781"
"156","156","1047"
"157","157","780"
"157","157","781"
"157","157","1047"
"162","162","1007"
"162","162","1011"
"162","162","1012"
"162","162","1042"
"162","162","1043"
"162","162","1044"
"162","162","1045"
"164","164","780"
"164","164","781"
"164","164","1047"
"164","164","1126"
"165","165","780"
"165","165","781"
"165","165","1047"
"166","166","780"
"166","166","781"
"166","166","1047"
"167","167","780"
"167","167","781"
"167","167","1047"
"169","169","780"
"169","169","781"
"169","169","1047"
"170","170","780"
"170","170","781"
"170","170","1047"
"171","171","781"
"171","171","790"
"171","171","1028"
"171","171","1047"
"171","171","1083"
"171","171","1112"
"171","171","1143"
"173","173","1011"
"173","173","1012"
"174","174","780"
"174","174","781"
"174","174","1009"
"174","174","1047"
"174","174","1073"
"174","174","1074"
"174","174","1077"
"174","174","1080"
"174","174","1085"
"174","174","1086"
"174","174","1090"
"174","174","1095"
"174","174","1096"
"174","174","1112"
"174","174","1126"
"174","174","1139"
"174","174","1140"
"174","174","1141"
"175","175","780"
"175","175","781"
"175","175","1047"
"175","175","1126"
"177","177","1011"
"177","177","1058"
"179","179","780"
"179","179","781"
"179","179","1047"
"180","180","780"
"180","180","781"
"180","180","1047"
"181","181","780"
"181","181","781"
"181","181","1047"
"182","182","780"
"183","183","780"
"186","186","780"
"186","186","781"
"188","188","780"
"188","188","781"
"188","188","1047"
"190","190","780"
"190","190","781"
"190","190","1047"
"191","191","780"
"191","191","781"
"191","191","1047"
"192","192","780"
"192","192","781"
"192","192","1047"
"193","193","1051"
"193","193","1052"
"193","193","1059"
"193","193","1112"
"194","194","1122"
"194","194","1123"
"195","195","780"
"195","195","781"
"196","196","1047"
"196","196","1092"
"197","197","780"
"197","197","781"
"198","198","780"
"199","199","780"
"199","199","781"
"200","200","780"
"200","200","781"
"202","202","1066"
"202","202","1067"
"202","202","1081"
"203","203","780"
"203","203","781"
"203","203","1047"
"204","204","780"
"204","204","781"
"206","206","780"
"206","206","781"
"206","206","1047"
"206","206","1112"
"207","207","780"
"207","207","781"
"207","207","1047"
"207","207","1126"
"208","208","781"
"208","208","790"
"208","208","1020"
"208","208","1028"
"208","208","1047"
"209","209","780"
"209","209","781"
"209","209","1047"
"210","210","780"
"210","210","781"
"210","210","1047"
"211","211","780"
"211","211","781"
"211","211","1047"
"211","211","1112"
"212","212","780"
"212","212","781"
"212","212","1047"
"213","213","780"
"213","213","781"
"213","213","1047"
"217","217","780"
"217","217","781"
"217","217","1074"
"217","217","1080"
"217","217","1083"
"217","217","1112"
"217","217","1143"
"219","219","780"
"219","219","781"
"219","219","1047"
"230","230","781"
"230","230","790"
"230","230","1047"
"230","230","1083"
"230","230","1087"
"230","230","1089"
"233","233","780"
"233","233","781"
"233","233","1047"
"233","233","1097"
"233","233","1098"
"233","233","1099"
"234","234","780"
"234","234","781"
"237","237","780"
"237","237","781"
"237","237","1006"
"237","237","1007"
"237","237","1009"
"256","256","780"
"256","256","781"
"256","256","1047"
"273","273","780"
"273","273","781"
"273","273","1047"
"394","394","780"
"394","394","781"
"394","394","1047"
"408","408","780"
"408","408","781"
"408","408","1000"
"408","408","1051"
"408","408","1052"
"408","408","1059"
"408","408","1065"
"408","408","1090"
"408","408","1106"
"408","408","1114"
"408","408","1115"
"408","408","1120"
"408","408","1121"
"408","408","1124"
"408","408","1129"
"408","408","1130"
"408","408","1131"
"408","408","1132"
"408","408","1133"
"408","408","1134"
"408","408","1136"
"408","408","1138"
"415","415","780"
"415","415","781"
"415","415","1047"
"415","415","1112"
"415","415","1116"
"415","415","1117"
"415","415","1126"
"435","435","780"
"435","435","781"
"435","435","1047"
"436","436","780"
"436","436","781"
"436","436","1047"
"466","466","780"
"466","466","781"
"466","466","1047"
"468","468","780"
"468","468","781"
"468","468","1112"
"469","469","780"
"470","470","780"
"470","470","781"
"487","487","780"
"487","487","781"
"487","487","1047"
"496","496","780"
"496","496","781"
"496","496","1126"
"497","497","780"
"497","497","781"
"497","497","1047"
"497","497","1142"
"508","508","780"
"508","508","781"
"508","508","1047"
"532","532","780"
"572","572","780"
"572","572","781"
"572","572","1047"
"573","573","780"
"573","573","781"
"573","573","1047"
"584","584","780"
"588","588","780"
"588","588","781"
"588","588","1047"
