"id","event"
"17","9"
"21","9"
"23","9"
"25","9"
"26","9"
"27","9"
"29","9"
"30","9"
"31","9"
"32","9"
"33","9"
"34","9"
"35","9"
"36","9"
"37","9"
"42","9"
"831","10"
"832","10"
"833","10"
"836","10"
"837","10"
"838","10"
"839","10"
"841","10"
"842","10"
"844","10"
"846","10"
"848","10"
"850","10"
"851","10"
"856","10"
"857","10"
"862","10"
"863","10"
"1155","14"
"1163","14"
"1164","14"
"1172","14"
"1173","14"
"1175","14"
"1176","14"
"1177","14"
"1178","14"
"1179","14"
"1180","14"
"1181","14"
"1182","14"
"1183","14"
"1184","14"
"1185","14"
"1186","14"
"1187","14"
"1189","14"
"1191","14"
"1192","14"
"1194","14"
"1195","14"
"1196","14"
"1197","14"
"1198","14"
"1199","14"
"1200","14"
"1201","14"
"1202","14"
"1203","14"
"1204","14"
"1205","14"
"1206","14"
"1207","14"
"1208","14"
"1209","14"
"1210","14"
"1211","14"
"1212","14"
"1213","14"
"1214","14"
"1216","14"
"1221","14"
"1222","14"
"1223","14"
"1224","14"
"1225","14"
"1226","14"
"1228","14"
"1231","14"
"1257","14"
"1261","15"
"1264","15"
"1267","15"
"1269","15"
"1270","15"
"1272","15"
"1273","15"
"1276","15"
"1277","15"
"1280","15"
"1281","15"
"1282","15"
"1283","15"
"1284","15"
"1287","15"
"1289","15"
"1290","15"
"1298","15"
"1301","15"
"1372","16"
"1373","16"
"1374","16"
"1375","16"
"1376","16"
"1378","16"
"1380","16"
"1381","16"
"1383","16"
"1384","16"
"1385","16"
"1386","16"
"1387","16"
"1388","16"
"1389","16"
"1392","16"
"1393","16"
"1394","16"
"1395","16"
"1397","16"
"1400","16"
"1401","16"
"1402","16"
"1403","16"
"1405","16"
"1409","16"
"1411","16"
"1436","17"
"1437","17"
"1439","17"
"1441","17"
"1443","17"
"1448","17"
"1449","17"
"1451","17"
"1455","17"
"1456","17"
"1457","17"
"1461","17"
"1462","17"
"1465","17"
"1477","17"
"1480","17"
"2045","22"
"2988","18"
"2991","18"
"2992","18"
"2993","18"
"2997","18"
"2998","18"
"3000","18"
"3002","18"
"3004","18"
"3006","18"
"3007","18"
"3009","18"
"3010","18"
"3012","18"
"3013","18"
"3014","18"
"3015","18"
"3016","18"
"3017","18"
"3018","18"
"3019","18"
"3020","18"
"3022","18"
"3023","18"
"3024","18"
"3025","18"
"3026","18"
"3027","18"
"3028","18"
"3029","18"
"3030","18"
"3031","18"
"3032","18"
"3033","18"
"3034","18"
"3035","18"
"3036","18"
"3037","18"
"3038","18"
"3039","18"
"3040","18"
"3041","18"
"3042","18"
"3043","18"
"3044","18"
"3045","18"
"3047","18"
"3049","18"
"3050","18"
"3054","18"
"3055","18"
"3058","18"
"3059","18"
"3060","18"
"3061","18"
"3062","18"
"3063","18"
"3065","18"
"3066","18"
"3067","18"
"3068","18"
"3069","18"
"3071","18"
"3072","18"
"3073","18"
"3074","18"
"3075","18"
"3076","18"
"3077","18"
"3078","18"
"3079","18"
"3080","18"
"3081","18"
"3084","18"
"3086","18"
"3087","18"
"3088","18"
"3089","18"
"3090","18"
"3092","18"
"3094","18"
"3095","18"
"3096","18"
"3097","18"
"3098","18"
"3101","18"
"3104","18"
"3105","18"
"3106","18"
"3107","18"
"3108","18"
"3109","18"
"3114","18"
"3120","18"
"3121","18"
"3123","18"
"3124","18"
"3125","18"
"3126","18"
"3128","18"
"3129","18"
"3131","18"
"3135","18"
"3136","18"
"3137","18"
"3140","18"
"3141","18"
"3142","18"
"3143","18"
"3144","18"
"3145","18"
"3148","18"
"3149","18"
"3150","18"
"3151","18"
"3152","18"
"3153","18"
"3154","18"
"3156","18"
"3159","18"
"3163","18"
"3164","18"
"3165","18"
"3166","18"
"3167","18"
"3174","18"
"3175","18"
"3176","18"
"3177","18"
"3178","18"
"3179","18"
"3187","18"
"3189","18"
"3191","18"
"3197","18"
"3199","18"
"3200","18"
"3201","18"
"3202","18"
"3203","18"
"3206","18"
"3207","18"
"3212","18"
"3213","18"
"3217","18"
"3220","18"
"3221","18"
"3222","18"
"3228","18"
"3229","18"
"3230","18"
"3231","20"
"3235","18"
"3238","18"
"3239","20"
"3240","20"
"3241","20"
"3242","18"
"3243","18"
"3244","18"
"3247","20"
"3249","20"
"3250","20"
"3251","20"
"3252","20"
"3256","20"
"3257","20"
"3258","20"
"3259","18"
"3260","20"
"3261","20"
"3263","20"
"3266","20"
"3267","20"
"3268","20"
"3269","20"
"3270","20"
"3271","20"
"3272","20"
"3273","20"
"3274","20"
"3276","20"
"3280","20"
"3281","20"
"3285","20"
"3288","18"
"3291","18"
"3294","20"
"3296","18"
"3300","18"
"3301","18"
"3305","20"
"3310","18"
"3314","18"
"3323","20"
"3328","20"
"3331","20"
"3332","20"
"3333","18"
"3334","20"
"3336","20"
"3337","20"
"3339","20"
"3340","20"
"3344","20"
"3347","20"
"3348","20"
"3350","20"
"3351","20"
"3354","20"
"3356","20"
"3358","20"
"3360","20"
"3362","20"
"3363","18"
"3367","18"
"3368","20"
"3369","20"
"3370","20"
"3372","20"
"3373","20"
"3374","20"
"3377","20"
"3378","20"
"3379","20"
"3380","20"
"3381","20"
"3382","20"
"3383","20"
"3384","20"
"3385","20"
"3386","20"
"3387","20"
"3388","20"
"3389","20"
"3390","20"
"3391","20"
"3392","20"
"3393","20"
"3398","20"
"3404","20"
"3406","20"
"3407","20"
"3408","20"
"3410","20"
"3411","20"
"3414","20"
"3415","20"
"3416","20"
"3417","20"
"3436","20"
"3437","20"
"3442","20"
"3449","20"
"3453","20"
"3458","20"
"3473","20"
"3585","22"
"3586","22"
"3587","22"
"3588","22"
"3589","22"
"3590","22"
"3591","22"
"3592","22"
"3593","22"
"3594","22"
"3595","22"
"3596","22"
"3597","22"
"3598","22"
"3599","22"
"3600","22"
"3601","22"
"3602","22"
"3603","22"
"3604","22"
"3605","22"
"3606","22"
"3607","22"
"3608","22"
"3609","22"
"3611","22"
"3612","22"
"3613","22"
"3614","22"
"3617","22"
"3618","22"
"3619","22"
"3620","22"
"3623","22"
"3624","22"
"3625","22"
"3626","22"
"3627","22"
"3629","22"
"3630","22"
"3631","22"
"3632","22"
"3633","22"
"3635","22"
"3636","22"
"3637","22"
"3639","22"
"3640","22"
"3641","22"
"3642","22"
"3643","22"
"3644","22"
"3645","22"
"3646","22"
"3647","22"
"3648","22"
"3649","22"
"3650","22"
"3651","22"
"3652","22"
"3653","22"
"3654","22"
"3655","22"
"3656","22"
"3657","22"
"3658","22"
"3659","22"
"3660","22"
"3661","22"
"3662","22"
"3663","22"
"3664","22"
"3666","22"
"3667","22"
"3668","22"
"3669","22"
"3670","22"
"3671","22"
"3672","22"
"3673","22"
"3674","22"
"3675","22"
"3676","22"
"3677","22"
"3678","22"
"3679","22"
"3680","22"
"3681","22"
"3682","22"
"3684","22"
"3685","22"
"3686","22"
"3687","22"
"3688","22"
"3689","22"
"3691","22"
"3692","22"
"3693","22"
"3694","22"
"3695","22"
"3696","22"
"3697","22"
"3698","22"
"3699","22"
"3701","22"
"3703","22"
"3704","22"
"3705","22"
"3706","22"
"3707","22"
"3708","22"
"3709","22"
"3710","22"
"3712","22"
"3713","22"
"3714","22"
"3715","22"
"3716","22"
"3717","22"
"3718","22"
"3719","22"
"3721","22"
"3722","22"
"3723","22"
"3724","22"
"3725","22"
"3726","22"
"3727","22"
"3728","22"
"3729","22"
"3730","22"
"3731","22"
"3732","22"
"3733","22"
"3734","22"
"3735","22"
"3736","22"
"3737","22"
"3738","22"
"3739","22"
"3740","22"
"3741","22"
"3742","22"
"3743","22"
"3744","22"
"3745","22"
"3746","22"
"3747","22"
"3748","22"
"3750","22"
"3751","22"
"3752","22"
"3753","22"
"3754","22"
"3755","22"
"3756","22"
"3757","22"
"3758","22"
"3759","22"
"3760","22"
"3761","22"
"3762","22"
"3763","22"
"3764","22"
"3765","22"
"3766","22"
"3767","22"
"3768","22"
"3769","22"
"3771","22"
"3772","22"
"3773","22"
"3774","22"
"3775","22"
"3776","22"
"3778","22"
"3779","22"
"3781","22"
"3782","22"
"3783","22"
"3784","22"
"3785","22"
"3786","22"
"3787","22"
"3788","22"
"3789","22"
"3790","22"
"3791","22"
"3792","22"
"3793","22"
"3794","22"
"3795","22"
"3796","22"
"3797","22"
"3798","22"
"3799","22"
"3800","22"
"3801","22"
"3802","22"
"3803","22"
"3804","22"
"3806","22"
"3808","22"
"3809","22"
"3810","22"
"3811","22"
"3812","22"
"3813","22"
"3814","22"
"3815","22"
"3816","22"
"3817","22"
"3818","22"
"3819","22"
"3820","22"
"3821","22"
"3822","22"
"3823","22"
"3824","22"
"3825","22"
"3826","22"
"3827","22"
"3828","22"
"3830","22"
"3831","22"
"3832","22"
"3833","22"
"3834","22"
"3835","22"
"3838","22"
"3839","22"
"3841","22"
"3842","22"
"3843","22"
"3844","22"
"3845","22"
"3846","22"
"3847","22"
"3848","22"
"3849","22"
"3850","22"
"3851","22"
"3852","22"
"3853","22"
"3854","22"
"3855","22"
"3856","22"
"3857","22"
"3858","22"
"3859","22"
"3860","22"
"3861","22"
"3862","22"
"3864","22"
"3867","22"
"3868","22"
"3869","22"
"3870","22"
"3871","22"
"3872","22"
"3873","22"
"3874","22"
"3875","22"
"3876","22"
"3877","22"
"3879","22"
"3880","22"
"3881","22"
"3882","22"
"3883","22"
"3885","22"
"3886","22"
"3888","22"
"3889","22"
"3890","22"
"3891","22"
"3893","22"
"3894","22"
"3896","22"
"3897","22"
"3898","22"
"3899","22"
"3900","22"
"3901","22"
"3902","22"
"3904","22"
"3905","22"
"3906","22"
"3907","22"
"3908","22"
"3909","22"
"3910","22"
"3911","22"
"3912","22"
"3913","22"
"3916","22"
"3917","22"
"3918","22"
"3919","22"
"3920","22"
"3923","22"
"3924","22"
"3925","22"
"3926","22"
"3928","22"
"3930","22"
"3931","22"
"3932","22"
"3933","22"
"3937","22"
"3939","22"
"3940","22"
"3941","22"
"3946","22"
"3947","22"
"3948","22"
"3949","22"
"3950","22"
"3951","22"
"3952","22"
"3953","22"
"3954","22"
"3955","22"
"3956","22"
"3959","22"
"3960","22"
"3962","22"
"3964","22"
"3965","22"
"3966","22"
"3968","22"
"3971","22"
"3973","22"
"3974","22"
"3976","22"
"3977","22"
"3978","22"
"3980","22"
"3983","22"
"3984","22"
"3986","22"
"3987","22"
"3988","22"
"3989","22"
"3990","22"
"3993","22"
"3995","22"
"3998","22"
"4000","22"
"4010","22"
"4011","22"
"4012","22"
"4013","22"
"4015","22"
"4016","22"
"4018","22"
"4019","22"
"4020","22"
"4023","22"
"4026","22"
"4027","22"
"4029","22"
"4030","22"
"4031","22"
"4032","22"
"4033","22"
"4034","22"
"4035","22"
"4036","22"
"4037","22"
"4038","22"
"4039","22"
"4041","22"
"4042","22"
"4043","22"
"4048","22"
"4049","22"
"4050","22"
"4051","22"
"4052","22"
"4053","22"
"4055","22"
"4056","22"
"4058","22"
"4059","22"
"4060","22"
"4062","22"
"4063","22"
"4064","22"
"4065","22"
"4078","22"
"4079","22"
"4086","22"
"4087","22"
"4088","22"
"4093","22"
"4096","22"
"4097","22"
"4098","22"
"4099","22"
"4105","22"
"4107","22"
"4119","22"
"4120","22"
"4123","22"
"4124","22"
"4125","22"
"4126","22"
"4127","22"
"4128","22"
"4136","22"
"4137","22"
"4138","22"
"4145","22"
"4146","22"
"4153","22"
"4156","22"
"4162","22"
"4165","22"
"4170","22"
"4171","22"
"4173","22"
"4174","22"
"4176","22"
"4178","22"
"4184","22"
"4187","22"
"4190","22"
"4191","22"
"4192","22"
"4194","22"
"4195","22"
"4196","22"
"4203","22"
"4206","22"
"4208","22"
"4209","22"
"4210","22"
"4211","22"
"4212","22"
"4213","22"
"4216","22"
"4232","22"
"4244","22"
"4249","22"
"4259","22"
"4264","22"
"4267","22"
"4273","22"
"4276","25"
"4277","25"
"4278","25"
"4279","25"
"4280","25"
"4281","25"
"4282","25"
"4283","25"
"4289","22"
"4291","25"
"4292","25"
"4293","25"
"4294","25"
"4295","25"
"4296","25"
"4297","25"
"4298","25"
"4300","25"
"4301","25"
"4302","25"
"4303","25"
"4304","25"
"4305","25"
"4306","25"
"4307","25"
"4309","25"
"4311","25"
"4312","25"
"4313","25"
"4314","25"
"4315","25"
"4316","25"
"4317","25"
"4318","25"
"4319","25"
"4320","25"
"4321","25"
"4322","25"
"4323","25"
"4325","25"
"4326","25"
"4327","25"
"4328","25"
"4329","25"
"4330","25"
"4331","25"
"4332","25"
"4334","25"
"4335","25"
"4336","25"
"4337","25"
"4338","25"
"4339","25"
"4341","25"
"4342","25"
"4343","25"
"4345","25"
"4346","25"
"4347","25"
"4348","25"
"4349","25"
"4350","25"
"4351","25"
"4352","25"
"4353","25"
"4354","25"
"4355","25"
"4356","25"
"4361","25"
"4362","25"
"4363","25"
"4364","25"
"4365","25"
"4366","25"
"4367","25"
"4369","25"
"4370","25"
"4371","25"
"4372","25"
"4373","25"
"4374","25"
"4375","25"
"4377","25"
"4378","25"
"4379","25"
"4380","25"
"4382","25"
"4383","25"
"4384","25"
"4385","25"
"4386","25"
"4387","25"
"4388","25"
"4389","25"
"4390","25"
"4391","25"
"4392","25"
"4393","25"
"4394","25"
"4395","25"
"4396","25"
"4397","25"
"4398","25"
"4399","25"
"4400","25"
"4401","25"
"4402","25"
"4403","25"
"4404","25"
"4405","25"
"4406","25"
"4407","25"
"4408","25"
"4409","25"
"4410","25"
"4411","25"
"4413","25"
"4414","25"
"4415","25"
"4416","25"
"4417","25"
"4418","25"
"4420","25"
"4421","25"
"4422","25"
"4424","25"
"4425","25"
"4426","25"
"4427","25"
"4428","25"
"4430","25"
"4431","25"
"4432","25"
"4433","25"
"4434","25"
"4435","25"
"4436","25"
"4437","25"
"4438","25"
"4439","25"
"4440","25"
"4441","25"
"4442","25"
"4443","25"
"4444","25"
"4445","25"
"4447","25"
"4448","25"
"4449","25"
"4450","25"
"4452","25"
"4453","25"
"4454","25"
"4455","25"
"4456","25"
"4457","25"
"4458","25"
"4459","25"
"4460","25"
"4461","25"
"4462","25"
"4463","25"
"4466","25"
"4467","25"
"4469","25"
"4470","25"
"4471","25"
"4472","25"
"4473","25"
"4474","25"
"4475","25"
"4476","25"
"4477","25"
"4478","25"
"4479","25"
"4480","25"
"4481","25"
"4482","25"
"4483","25"
"4484","25"
"4485","25"
"4486","25"
"4487","25"
"4488","25"
"4489","25"
"4490","25"
"4491","25"
"4492","25"
"4493","25"
"4494","25"
"4495","25"
"4496","25"
"4497","25"
"4498","25"
"4499","25"
"4500","25"
"4501","25"
"4502","25"
"4503","25"
"4504","25"
"4505","25"
"4506","25"
"4507","25"
"4508","25"
"4509","25"
"4510","25"
"4511","25"
"4512","25"
"4513","25"
"4514","25"
"4515","25"
"4516","25"
"4517","25"
"4520","25"
"4521","25"
"4524","25"
"4525","25"
"4527","25"
"4529","25"
"4531","25"
"4532","25"
"4533","25"
"4534","25"
"4535","25"
"4536","25"
"4537","25"
"4539","25"
"4540","25"
"4541","25"
"4542","25"
"4543","25"
"4544","25"
"4545","25"
"4546","25"
"4547","25"
"4548","25"
"4549","25"
"4551","25"
"4552","25"
"4553","25"
"4554","25"
"4555","25"
"4557","25"
"4558","25"
"4559","25"
"4561","25"
"4562","25"
"4563","25"
"4564","25"
"4565","25"
"4566","25"
"4567","25"
"4568","25"
"4569","25"
"4570","25"
"4572","25"
"4573","25"
"4574","25"
"4575","25"
"4576","25"
"4577","25"
"4578","25"
"4579","25"
"4580","25"
"4581","25"
"4582","25"
"4583","25"
"4584","25"
"4585","25"
"4586","25"
"4587","25"
"4588","25"
"4590","25"
"4591","25"
"4592","25"
"4593","25"
"4594","25"
"4595","25"
"4596","25"
"4597","25"
"4598","25"
"4599","25"
"4600","25"
"4601","25"
"4602","25"
"4603","25"
"4604","25"
"4605","25"
"4606","25"
"4607","25"
"4608","25"
"4609","25"
"4610","25"
"4611","25"
"4612","25"
"4613","25"
"4614","25"
"4615","25"
"4616","25"
"4617","25"
"4619","25"
"4620","25"
"4621","25"
"4622","25"
"4623","25"
"4624","25"
"4625","25"
"4626","25"
"4627","25"
"4628","25"
"4630","25"
"4631","25"
"4632","25"
"4634","25"
"4635","25"
"4636","25"
"4637","25"
"4638","25"
"4639","25"
"4640","25"
"4641","25"
"4642","25"
"4643","25"
"4644","25"
"4645","25"
"4646","25"
"4648","25"
"4650","25"
"4651","25"
"4652","25"
"4653","25"
"4654","25"
"4655","25"
"4656","25"
"4657","25"
"4658","9"
"4659","25"
"4660","25"
"4661","25"
"4662","25"
"4663","25"
"4664","25"
"4665","25"
"4666","25"
"4669","25"
"4670","25"
"4671","25"
"4672","25"
"4673","25"
"4674","25"
"4675","25"
"4676","25"
"4677","25"
"4678","25"
"4679","25"
"4680","25"
"4681","25"
"4682","25"
"4683","25"
"4684","25"
"4685","25"
"4687","25"
"4688","25"
"4689","25"
"4690","25"
"4691","25"
"4692","25"
"4693","25"
"4694","25"
"4695","25"
"4696","25"
"4697","25"
"4698","25"
"4699","25"
"4700","25"
"4701","25"
"4702","25"
"4703","25"
"4704","25"
"4705","25"
"4706","25"
"4707","25"
"4708","25"
"4709","25"
"4710","25"
"4711","25"
"4712","25"
"4713","25"
"4714","25"
"4715","25"
"4716","25"
"4717","25"
"4718","25"
"4719","25"
"4720","25"
"4721","25"
"4722","25"
"4723","25"
"4724","25"
"4725","25"
"4726","25"
"4727","25"
"4728","25"
"4729","25"
"4730","25"
"4731","25"
"4732","25"
"4733","25"
"4735","25"
"4736","25"
"4737","25"
"4738","25"
"4739","25"
"4740","25"
"4741","25"
"4742","25"
"4743","25"
"4744","25"
"4745","25"
"4746","25"
"4747","25"
"4748","25"
"4750","25"
"4752","25"
"4753","25"
"4754","25"
"4755","25"
"4756","25"
"4757","25"
"4759","25"
"4760","25"
"4761","25"
"4762","25"
"4763","25"
"4764","25"
"4765","25"
"4766","22"
"4767","25"
"4768","25"
"4769","25"
"4770","25"
"4771","25"
"4772","25"
"4773","25"
"4774","25"
"4776","25"
"4777","25"
"4778","25"
"4779","25"
"4780","25"
"4781","25"
"4782","25"
"4783","25"
"4784","25"
"4785","25"
"4786","25"
"4787","25"
"4788","25"
"4789","25"
"4790","25"
"4791","25"
"4792","25"
"4793","25"
"4794","25"
"4796","25"
"4797","25"
"4798","25"
"4799","25"
"4800","25"
"4801","25"
"4802","25"
"4803","25"
"4804","25"
"4805","25"
"4806","25"
"4807","25"
"4808","25"
"4809","25"
"4810","25"
"4811","25"
"4812","25"
"4813","25"
"4814","25"
"4815","25"
"4816","25"
"4817","25"
"4818","25"
"4819","25"
"4820","25"
"4822","25"
"4823","25"
"4824","25"
"4825","25"
"4826","25"
"4827","25"
"4828","25"
"4829","25"
"4830","25"
"4831","25"
"4832","25"
"4833","25"
"4835","25"
"4836","25"
"4837","25"
"4839","25"
"4841","25"
"4842","25"
"4844","25"
"4845","25"
"4846","25"
"4847","25"
"4848","25"
"4849","25"
"4850","25"
"4851","25"
"4852","25"
"4853","25"
"4854","25"
"4855","25"
"4856","25"
"4857","25"
"4858","25"
"4859","25"
"4860","25"
"4861","25"
"4862","25"
"4863","25"
"4864","25"
"4865","25"
"4866","25"
"4867","25"
"4868","25"
"4869","25"
"4870","25"
"4871","25"
"4872","25"
"4873","25"
"4874","25"
"4875","25"
"4879","25"
"4880","25"
"4881","25"
"4882","25"
"4884","25"
"4886","25"
"4887","25"
"4888","25"
"4889","25"
"4890","25"
"4891","25"
"4892","25"
"4893","25"
"4894","25"
"4895","25"
"4896","25"
"4897","25"
"4898","25"
"4899","25"
"4901","25"
"4903","25"
"4904","25"
"4905","25"
"4907","25"
"4908","25"
"4909","25"
"4910","25"
"4911","25"
"4912","25"
"4914","25"
"4917","25"
"4918","25"
"4919","25"
"4920","25"
"4921","25"
"4922","25"
"4923","25"
"4924","25"
"4925","25"
"4926","25"
"4927","25"
"4928","25"
"4929","25"
"4931","25"
"4934","25"
"4935","25"
"4937","25"
"4938","25"
"4940","25"
"4941","25"
"4942","25"
"4943","25"
"4946","25"
"4947","25"
"4948","25"
"4949","25"
"4951","25"
"4952","25"
"4954","25"
"4956","25"
"4957","25"
"4958","25"
"4960","25"
"4961","25"
"4962","25"
"4963","25"
"4964","25"
"4965","25"
"4966","25"
"4967","25"
"4968","25"
"4969","25"
"4970","25"
"4971","25"
"4972","25"
"4973","25"
"4974","25"
"4976","25"
"4977","25"
"4978","25"
"4979","25"
"4981","25"
"4983","25"
"4984","25"
"4987","25"
"4988","25"
"4989","25"
"4991","25"
"4992","25"
"4993","25"
"4994","25"
"4995","25"
"4999","25"
"5000","25"
"5001","25"
"5002","25"
"5004","25"
"5005","25"
"5006","25"
"5010","25"
"5013","25"
"5016","25"
"5017","25"
"5018","25"
"5019","25"
"5021","25"
"5022","25"
"5023","25"
"5024","25"
"5025","25"
"5026","25"
"5027","25"
"5028","25"
"5029","25"
"5030","25"
"5031","25"
"5032","25"
"5033","25"
"5034","25"
"5035","25"
"5036","25"
"5037","25"
"5039","25"
"5041","25"
"5044","25"
"5046","25"
"5048","25"
"5049","25"
"5050","25"
"5053","25"
"5054","25"
"5055","25"
"5056","25"
"5057","25"
"5059","25"
"5060","25"
"5061","25"
"5062","25"
"5063","25"
"5064","25"
"5065","25"
"5068","25"
"5070","25"
"5072","25"
"5073","25"
"5075","25"
"5076","25"
"5077","25"
"5078","25"
"5079","25"
"5080","25"
"5081","25"
"5082","25"
"5083","25"
"5084","25"
"5085","25"
"5086","25"
"5088","25"
"5090","25"
"5092","25"
"5093","25"
"5096","25"
"5097","25"
"5098","25"
"5099","25"
"5103","25"
"5104","25"
"5105","25"
"5106","25"
"5107","25"
"5108","25"
"5110","25"
"5111","25"
"5114","25"
"5115","25"
"5117","25"
"5120","25"
"5121","25"
"5122","25"
"5123","25"
"5124","25"
"5125","25"
"5126","25"
"5127","25"
"5131","25"
"5132","25"
"5134","25"
"5135","25"
"5137","25"
"5138","25"
"5141","25"
"5142","25"
"5143","25"
"5144","25"
"5148","25"
"5149","25"
"5150","25"
"5151","25"
"5152","25"
"5153","25"
"5154","25"
"5155","25"
"5156","25"
"5158","25"
"5160","25"
"5161","25"
"5162","25"
"5163","25"
"5168","25"
"5169","25"
"5170","25"
"5171","25"
"5172","25"
"5173","25"
"5174","25"
"5175","25"
"5179","25"
"5180","25"
"5181","25"
"5183","25"
"5184","25"
"5186","25"
"5187","25"
"5188","25"
"5189","25"
"5194","25"
"5195","25"
"5198","25"
"5199","25"
"5201","25"
"5203","25"
"5206","25"
"5209","25"
"5211","25"
"5212","25"
"5213","25"
"5215","25"
"5216","25"
"5221","25"
"5222","25"
"5224","25"
"5225","25"
"5227","25"
"5228","25"
"5231","25"
"5234","25"
"5235","25"
"5237","25"
"5240","25"
"5241","25"
"5242","25"
"5244","25"
"5246","25"
"5247","25"
"5248","25"
"5250","25"
"5251","25"
"5252","25"
"5255","25"
"5258","25"
"5260","25"
"5262","25"
"5265","25"
"5267","25"
"5268","25"
"5269","25"
"5271","25"
"5273","25"
"5275","25"
"5276","25"
"5277","25"
"5278","25"
"5279","25"
"5281","25"
"5282","25"
"5285","25"
"5286","25"
"5287","25"
"5288","25"
"5289","25"
"5292","25"
"5293","25"
"5296","25"
"5298","25"
"5304","25"
"5306","25"
"5311","25"
"5312","25"
"5313","25"
"5317","25"
"5318","25"
"5319","25"
"5321","25"
"5322","25"
"5323","25"
"5324","25"
"5325","25"
"5326","25"
"5327","25"
"5328","25"
"5329","25"
"5330","25"
"5334","25"
"5335","25"
"5337","25"
"5339","25"
"5340","25"
"5342","25"
"5344","25"
"5346","25"
"5348","25"
"5350","25"
"5351","25"
"5358","25"
"5359","25"
"5360","25"
"5361","25"
"5362","25"
"5363","25"
"5366","25"
"5368","25"
"5370","25"
"5373","25"
"5378","25"
"5380","25"
"5381","25"
"5382","25"
"5383","25"
"5390","25"
"5391","25"
"5394","26"
"5397","25"
"5398","26"
"5399","26"
"5400","26"
"5401","26"
"5403","26"
"5404","26"
"5405","26"
"5406","26"
"5407","26"
"5408","26"
"5409","26"
"5410","26"
"5411","26"
"5412","26"
"5413","26"
"5415","26"
"5416","26"
"5417","26"
"5418","26"
"5419","26"
"5420","26"
"5421","26"
"5422","26"
"5423","26"
"5424","26"
"5425","26"
"5426","26"
"5427","26"
"5428","26"
"5429","26"
"5431","26"
"5432","26"
"5433","26"
"5434","26"
"5435","26"
"5436","26"
"5437","26"
"5438","26"
"5439","26"
"5440","26"
"5441","26"
"5442","26"
"5443","26"
"5444","26"
"5445","26"
"5446","26"
"5448","26"
"5451","26"
"5452","25"
"5453","26"
"5454","26"
"5455","26"
"5456","26"
"5457","26"
"5458","26"
"5459","26"
"5460","26"
"5461","26"
"5462","26"
"5463","26"
"5464","26"
"5465","26"
"5466","26"
"5467","26"
"5468","26"
"5469","26"
"5470","26"
"5471","26"
"5472","26"
"5474","26"
"5476","26"
"5477","26"
"5479","26"
"5480","26"
"5481","26"
"5483","26"
"5484","26"
"5485","26"
"5486","26"
"5487","26"
"5488","26"
"5489","26"
"5492","26"
"5493","26"
"5494","26"
"5495","26"
"5497","26"
"5498","26"
"5499","26"
"5500","26"
"5501","26"
"5502","26"
"5503","26"
"5504","26"
"5505","26"
"5506","26"
"5507","26"
"5508","26"
"5509","26"
"5510","26"
"5511","26"
"5513","26"
"5514","26"
"5515","26"
"5517","26"
"5518","26"
"5519","26"
"5520","26"
"5521","26"
"5522","26"
"5523","26"
"5524","26"
"5525","26"
"5526","26"
"5527","26"
"5528","26"
"5529","26"
"5530","26"
"5531","26"
"5532","26"
"5533","26"
"5534","26"
"5535","26"
"5536","26"
"5537","26"
"5538","26"
"5540","26"
"5541","26"
"5542","26"
"5543","26"
"5544","26"
"5545","26"
"5546","26"
"5547","26"
"5548","26"
"5549","26"
"5550","26"
"5553","26"
"5554","26"
"5555","26"
"5556","26"
"5557","26"
"5558","26"
"5560","26"
"5561","26"
"5562","26"
"5563","26"
"5564","26"
"5565","26"
"5566","26"
"5567","26"
"5568","26"
"5569","26"
"5570","26"
"5571","26"
"5572","26"
"5573","26"
"5574","26"
"5576","25"
"5579","26"
"5581","25"
"5583","26"
"5584","26"
"5585","26"
"5587","26"
"5588","26"
"5589","25"
"5590","26"
"5591","26"
"5593","26"
"5594","26"
"5595","26"
"5596","26"
"5597","26"
"5598","26"
"5599","26"
"5600","26"
"5601","26"
"5602","26"
"5603","26"
"5604","26"
"5605","25"
"5606","26"
"5607","26"
"5608","26"
"5609","26"
"5610","26"
"5611","26"
"5613","26"
"5615","26"
"5616","26"
"5617","26"
"5618","26"
"5619","26"
"5620","26"
"5622","26"
"5623","26"
"5624","25"
"5625","26"
"5626","26"
"5627","25"
"5629","26"
"5631","26"
"5632","26"
"5633","26"
"5634","26"
"5635","26"
"5636","26"
"5637","26"
"5638","26"
"5639","26"
"5640","25"
"5641","26"
"5642","26"
"5643","26"
"5644","26"
"5645","26"
"5646","26"
"5647","26"
"5648","26"
"5650","26"
"5653","26"
"5654","26"
"5655","26"
"5656","26"
"5657","26"
"5658","26"
"5659","26"
"5660","26"
"5661","26"
"5662","26"
"5663","25"
"5664","26"
"5665","26"
"5666","26"
"5667","26"
"5669","26"
"5670","26"
"5671","26"
"5672","26"
"5673","26"
"5674","26"
"5675","26"
"5676","26"
"5678","26"
"5682","25"
"5684","26"
"5685","26"
"5686","26"
"5687","26"
"5691","26"
"5692","26"
"5693","26"
"5699","26"
"5700","26"
"5706","26"
"5707","26"
"5708","26"
"5732","25"
"5733","25"
"5740","25"
"5743","25"
"5747","25"
"5748","25"
"5805","25"
"5808","25"
"5815","25"
"5828","25"
"5835","25"
"5837","25"
"5845","25"
"5849","25"
"5859","25"
"5864","28"
"5870","25"
"5874","28"
"5875","25"
"5876","25"
"5879","28"
"5880","28"
"5881","28"
"5882","28"
"5883","28"
"5885","28"
"5886","28"
"5887","28"
"5888","28"
"5889","28"
"5890","28"
"5891","28"
"5894","28"
"5895","28"
"5896","28"
"5898","28"
"5900","28"
"5901","28"
"5902","28"
"5903","28"
"5904","28"
"5905","28"
"5906","28"
"5907","28"
"5908","28"
"5909","28"
"5910","28"
"5914","28"
"5915","28"
"5918","28"
"5919","28"
"5920","28"
"5921","28"
"5922","28"
"5923","28"
"5924","28"
"5926","28"
"5927","28"
"5928","28"
"5929","28"
"5930","28"
"5931","28"
"5932","28"
"5934","28"
"5935","28"
"5936","28"
"5937","28"
"5938","28"
"5939","28"
"5940","28"
"5941","28"
"5942","28"
"5943","28"
"5944","28"
"5946","28"
"5947","28"
"5949","28"
"5951","28"
"5953","28"
"5954","28"
"5955","28"
"5956","28"
"5957","28"
"5958","28"
"5959","28"
"5960","28"
"5961","28"
"5962","28"
"5964","28"
"5965","28"
"5966","28"
"5967","28"
"5968","28"
"5969","28"
"5970","28"
"5971","28"
"5972","28"
"5973","28"
"5974","28"
"5976","28"
"5977","28"
"5980","28"
"5982","28"
"5983","28"
"5985","28"
"5986","28"
"5987","28"
"5988","28"
"5989","28"
"5990","28"
"5991","28"
"5992","28"
"5993","28"
"5995","28"
"5996","28"
"5997","28"
"5998","28"
"5999","28"
"6001","28"
"6002","28"
"6003","28"
"6004","28"
"6005","28"
"6007","28"
"6008","28"
"6009","28"
"6010","28"
"6011","28"
"6012","28"
"6013","28"
"6014","28"
"6015","28"
"6016","28"
"6018","28"
"6019","28"
"6020","28"
"6021","28"
"6022","28"
"6023","28"
"6024","28"
"6025","28"
"6026","28"
"6027","28"
"6028","28"
"6029","28"
"6030","28"
"6031","28"
"6032","28"
"6033","28"
"6034","28"
"6035","28"
"6036","28"
"6037","28"
"6039","28"
"6040","28"
"6041","28"
"6042","28"
"6043","28"
"6044","28"
"6045","28"
"6046","28"
"6047","28"
"6048","28"
"6049","28"
"6050","28"
"6051","28"
"6052","28"
"6053","28"
"6054","28"
"6055","28"
"6056","28"
"6057","28"
"6058","28"
"6059","28"
"6060","28"
"6061","28"
"6062","28"
"6063","28"
"6064","28"
"6065","28"
"6067","28"
"6068","28"
"6069","28"
"6072","28"
"6073","28"
"6074","28"
"6075","28"
"6076","28"
"6077","28"
"6078","28"
"6079","28"
"6080","28"
"6081","28"
"6082","28"
"6083","28"
"6084","28"
"6085","28"
"6086","28"
"6087","28"
"6088","28"
"6089","28"
"6090","28"
"6091","28"
"6093","28"
"6094","28"
"6095","28"
"6096","28"
"6097","28"
"6098","28"
"6099","28"
"6100","28"
"6102","28"
"6103","28"
"6104","28"
"6105","28"
"6106","28"
"6107","28"
"6108","28"
"6109","28"
"6110","28"
"6111","28"
"6112","28"
"6113","28"
"6114","28"
"6115","28"
"6116","28"
"6117","28"
"6118","28"
"6119","28"
"6120","28"
"6121","28"
"6122","28"
"6123","28"
"6125","28"
"6126","28"
"6127","28"
"6128","28"
"6129","28"
"6130","28"
"6131","28"
"6132","28"
"6134","28"
"6135","28"
"6136","28"
"6140","28"
"6141","28"
"6142","28"
"6143","28"
"6145","28"
"6148","28"
"6149","28"
"6151","28"
"6152","28"
"6153","28"
"6154","28"
"6155","28"
"6156","28"
"6157","28"
"6158","28"
"6159","28"
"6160","28"
"6161","28"
"6163","28"
"6164","28"
"6165","28"
"6166","28"
"6167","28"
"6168","28"
"6169","28"
"6170","28"
"6171","28"
"6172","28"
"6173","28"
"6175","28"
"6176","28"
"6177","28"
"6180","28"
"6182","28"
"6184","28"
"6185","28"
"6186","28"
"6187","28"
"6188","28"
"6189","28"
"6190","28"
"6191","28"
"6192","28"
"6193","28"
"6195","28"
"6196","28"
"6198","28"
"6199","28"
"6202","28"
"6203","28"
"6204","28"
"6205","28"
"6208","28"
"6209","28"
"6210","28"
"6211","28"
"6212","28"
"6213","28"
"6214","28"
"6215","28"
"6216","28"
"6217","28"
"6218","28"
"6219","28"
"6220","28"
"6223","28"
"6224","28"
"6225","28"
"6226","28"
"6227","28"
"6228","28"
"6229","28"
"6230","28"
"6233","28"
"6234","28"
"6235","28"
"6236","28"
"6237","28"
"6238","28"
"6239","28"
"6240","28"
"6243","28"
"6245","28"
"6246","28"
"6247","28"
"6248","28"
"6249","28"
"6250","28"
"6251","28"
"6253","28"
"6254","28"
"6255","28"
"6256","28"
"6257","28"
"6258","28"
"6259","28"
"6260","28"
"6261","28"
"6262","28"
"6263","28"
"6266","28"
"6267","28"
"6268","28"
"6270","28"
"6271","28"
"6272","28"
"6274","28"
"6275","28"
"6276","28"
"6277","28"
"6278","28"
"6279","28"
"6280","28"
"6281","28"
"6285","28"
"6286","28"
"6288","28"
"6289","28"
"6290","28"
"6292","28"
"6298","33"
"6307","33"
"6308","28"
"6310","28"
"6311","25"
"6313","28"
"6314","28"
"6317","28"
"6320","28"
"6321","28"
"6322","33"
"6324","28"
"6326","28"
"6327","28"
"6332","28"
"6333","28"
"6337","33"
"6340","28"
"6343","28"
"6349","33"
"6350","33"
"6351","28"
"6352","33"
"6353","33"
"6354","33"
"6356","33"
"6357","33"
"6358","33"
"6359","33"
"6360","33"
"6361","33"
"6362","33"
"6363","33"
"6364","33"
"6365","33"
"6366","33"
"6367","33"
"6368","33"
"6369","33"
"6370","33"
"6371","33"
"6373","33"
"6374","33"
"6375","33"
"6376","33"
"6377","33"
"6378","33"
"6380","33"
"6381","33"
"6382","33"
"6384","33"
"6385","28"
"6386","33"
"6387","33"
"6388","33"
"6389","33"
"6390","33"
"6391","33"
"6392","33"
"6393","33"
"6394","33"
"6395","33"
"6397","33"
"6398","33"
"6399","33"
"6400","33"
"6401","33"
"6402","33"
"6403","33"
"6405","33"
"6406","33"
"6407","33"
"6409","33"
"6410","33"
"6414","33"
"6415","33"
"6418","33"
"6421","33"
"6422","33"
"6426","33"
"6428","33"
"6429","33"
"6430","33"
"6432","33"
"6433","33"
"6434","33"
"6435","33"
"6436","33"
"6437","33"
"6439","33"
"6441","33"
"6442","33"
"6443","33"
"6444","33"
"6445","33"
"6446","33"
"6447","33"
"6448","33"
"6449","33"
"6450","33"
"6451","33"
"6453","33"
"6454","33"
"6455","33"
"6456","33"
"6458","33"
"6459","33"
"6460","33"
"6461","33"
"6462","33"
"6463","33"
"6464","33"
"6465","33"
"6466","33"
"6467","33"
"6468","33"
"6469","33"
"6470","33"
"6471","33"
"6472","33"
"6473","33"
"6474","33"
"6475","33"
"6477","33"
"6478","33"
"6481","33"
"6483","33"
"6484","33"
"6485","33"
"6486","33"
"6488","33"
"6489","33"
"6490","33"
"6491","33"
"6492","33"
"6493","33"
"6495","33"
"6496","33"
"6497","33"
"6498","33"
"6499","33"
"6500","33"
"6501","33"
"6505","33"
"6506","33"
"6507","33"
"6508","33"
"6509","33"
"6510","33"
"6511","33"
"6512","33"
"6513","33"
"6514","33"
"6516","33"
"6518","33"
"6519","33"
"6520","33"
"6521","33"
"6522","33"
"6523","33"
"6524","33"
"6525","33"
"6526","33"
"6528","33"
"6530","33"
"6531","33"
"6532","33"
"6535","33"
"6538","33"
"6539","33"
"6540","33"
"6542","33"
"6543","33"
"6544","33"
"6545","33"
"6546","33"
"6547","33"
"6549","33"
"6550","33"
"6551","33"
"6552","33"
"6553","33"
"6554","33"
"6555","33"
"6556","33"
"6557","33"
"6558","33"
"6559","33"
"6560","33"
"6561","33"
"6564","33"
"6565","33"
"6566","33"
"6567","33"
"6569","33"
"6570","33"
"6572","33"
"6573","33"
"6574","33"
"6575","33"
"6576","33"
"6577","33"
"6578","33"
"6579","33"
"6580","33"
"6581","33"
"6582","33"
"6584","33"
"6585","33"
"6586","33"
"6587","33"
"6588","33"
"6590","33"
"6591","33"
"6592","33"
"6593","33"
"6594","33"
"6595","33"
"6596","33"
"6597","33"
"6598","33"
"6599","33"
"6600","33"
"6601","33"
"6602","33"
"6603","33"
"6604","33"
"6605","33"
"6606","33"
"6607","33"
"6608","33"
"6609","33"
"6610","33"
"6611","33"
"6612","33"
"6613","33"
"6614","33"
"6615","33"
"6616","33"
"6618","33"
"6620","33"
"6621","33"
"6622","33"
"6624","33"
"6625","33"
"6629","33"
"6633","33"
"6635","33"
"6636","33"
"6639","33"
"6640","33"
"6641","33"
"6642","33"
"6643","33"
"6644","33"
"6646","33"
"6648","33"
"6651","33"
"6652","33"
"6655","33"
"6656","33"
"6657","33"
"6659","33"
"6669","25"
"6673","33"
"6674","33"
"6679","33"
"6680","33"
"6681","33"
"6684","33"
"6686","33"
"6688","33"
"6689","33"
"6690","33"
"6691","33"
"6692","33"
"6693","33"
"6697","33"
"6698","33"
"6699","33"
"6700","33"
"6701","33"
"6702","33"
"6705","33"
"6707","33"
"6709","33"
"6710","33"
"6711","33"
"6714","33"
"6715","33"
"6716","33"
"6717","33"
"6718","33"
"6720","33"
"6721","33"
"6723","33"
"6724","33"
"6727","33"
"6745","33"
"6748","33"
"6749","33"
"6765","33"
"6776","25"
"7678","34"
"7679","34"
"7680","34"
"7684","34"
"7686","34"
"7690","34"
"7691","34"
"7692","34"
"7694","34"
"7695","34"
"7698","34"
"7700","34"
"7701","34"
"7702","34"
"7703","34"
"7704","34"
"7705","34"
"7706","34"
"7710","34"
"7711","34"
"7713","34"
"7716","34"
"7724","34"
"7725","34"
"7726","34"
"7729","34"
"7730","34"
"7731","34"
"7733","34"
"7736","34"
"7737","34"
"7738","34"
"7739","34"
"7748","34"
"7753","34"
"7755","34"
"7756","34"
"7758","34"
"7759","34"
"7763","34"
"7766","34"
"7771","35"
"7773","34"
"7784","34"
"7788","34"
"7799","34"
"7919","35"
"7922","35"
"7923","35"
"7926","35"
"7927","35"
"7929","35"
"7930","35"
"7931","35"
"7932","35"
"7934","35"
"7935","35"
"7937","35"
"7938","35"
"7939","35"
"7941","35"
"7942","35"
"7943","35"
"7949","35"
"7951","35"
"7953","35"
"7954","35"
"7958","35"
"7961","35"
"7963","35"
"7964","35"
"7968","35"
"7975","35"
"7984","36"
"7989","35"
"7997","35"
"8130","36"
"8147","36"
"8156","36"
"8168","36"
"8169","36"
"8172","36"
"8174","36"
"8175","36"
"8176","36"
"8178","36"
"8179","36"
"8183","36"
"8184","36"
"8186","36"
"8187","36"
"8188","36"
"8189","36"
"8190","36"
"8191","36"
"8192","36"
"8193","36"
"8196","36"
"8197","36"
"8198","36"
"8199","36"
"8201","36"
"8203","36"
"8204","36"
"8205","36"
"8206","36"
"8209","36"
"8210","36"
"8211","36"
"8212","36"
"8213","36"
"8214","36"
"8215","36"
"8216","36"
"8217","36"
"8219","36"
"8220","36"
"8221","36"
"8222","36"
"8223","36"
"8224","36"
"8226","36"
"8227","36"
"8228","36"
"8229","36"
"8230","36"
"8231","36"
"8232","36"
"8233","36"
"8234","36"
"8235","36"
"8236","36"
"8237","36"
"8238","36"
"8239","36"
"8240","36"
"8241","36"
"8243","36"
"8244","36"
"8245","36"
"8246","36"
"8247","36"
"8248","36"
"8249","36"
"8250","36"
"8251","36"
"8252","36"
"8253","36"
"8254","36"
"8255","36"
"8256","36"
"8257","36"
"8258","36"
"8259","36"
"8261","36"
"8262","36"
"8263","36"
"8264","36"
"8265","36"
"8266","36"
"8267","36"
"8270","36"
"8271","36"
"8272","36"
"8273","36"
"8274","36"
"8276","36"
"8277","36"
"8278","36"
"8285","36"
"8286","36"
"8287","36"
"8288","36"
"8289","36"
"8291","36"
"8292","36"
"8293","36"
"8295","36"
"8297","36"
"8298","36"
"8300","36"
"8302","36"
"8303","36"
"8304","36"
"8305","36"
"8306","36"
"8307","36"
"8308","36"
"8309","36"
"8310","36"
"8312","36"
"8313","36"
"8314","36"
"8315","36"
"8320","36"
"8321","36"
"8329","36"
"8330","36"
"8756","37"
"8758","37"
"8760","37"
"8763","37"
"8765","37"
"8770","37"
"8771","37"
"8773","37"
"8891","38"
"8893","38"
"8894","38"
"8895","38"
"8896","38"
"8897","38"
"8898","38"
"8899","38"
"8900","38"
"8901","38"
"8902","38"
"8903","38"
"8904","38"
"8905","38"
"8906","38"
"8907","38"
"8908","38"
"8909","38"
"8910","38"
"8911","38"
"8912","38"
"8913","38"
"8914","38"
"8915","38"
"8916","38"
"8917","38"
"8918","38"
"8919","38"
"8920","38"
"8921","38"
"8922","38"
"8923","38"
"8924","38"
"8925","38"
"8926","38"
"8927","38"
"8928","38"
"8929","38"
"8930","38"
"8931","38"
"8932","38"
"8933","38"
"8935","38"
"8936","38"
"8937","38"
"8938","38"
"8939","38"
"8940","38"
"8941","38"
"8942","38"
"8943","38"
"8945","38"
"8946","38"
"8947","38"
"8948","38"
"8949","38"
"8950","38"
"8951","38"
"8952","38"
"8953","38"
"8954","38"
"8955","38"
"8956","38"
"8957","38"
"8958","38"
"8959","38"
"8960","38"
"8961","38"
"8962","38"
"8963","38"
"8964","38"
"8965","38"
"8966","38"
"8967","38"
"8968","38"
"8969","38"
"8971","38"
"8973","38"
"8974","38"
"8975","38"
"8976","38"
"8977","38"
"8978","38"
"8979","38"
"8980","38"
"8982","38"
"8983","38"
"8984","38"
"8985","38"
"8986","38"
"8987","38"
"8988","38"
"8989","38"
"8990","38"
"8991","38"
"8992","38"
"8993","38"
"8994","38"
"8995","38"
"8996","38"
"8997","38"
"8998","38"
"8999","38"
"9000","38"
"9001","38"
"9002","38"
"9003","38"
"9004","38"
"9005","38"
"9007","38"
"9008","38"
"9009","38"
"9010","38"
"9011","38"
"9012","38"
"9013","38"
"9014","38"
"9015","38"
"9016","38"
"9017","38"
"9018","38"
"9019","38"
"9020","38"
"9022","38"
"9023","38"
"9024","38"
"9025","38"
"9026","38"
"9027","38"
"9028","38"
"9029","38"
"9030","38"
"9031","38"
"9032","38"
"9033","38"
"9034","38"
"9035","38"
"9036","38"
"9037","38"
"9038","38"
"9039","38"
"9040","38"
"9041","38"
"9042","38"
"9043","38"
"9044","38"
"9045","38"
"9046","38"
"9047","38"
"9048","38"
"9049","38"
"9050","38"
"9051","38"
"9052","38"
"9053","38"
"9054","38"
"9055","38"
"9056","38"
"9057","38"
"9058","38"
"9059","38"
"9060","38"
"9061","38"
"9062","38"
"9063","38"
"9064","38"
"9065","38"
"9066","38"
"9067","38"
"9068","38"
"9069","38"
"9070","38"
"9071","38"
"9072","38"
"9073","38"
"9074","38"
"9075","38"
"9076","38"
"9077","38"
"9078","38"
"9079","38"
"9081","38"
"9082","38"
"9083","38"
"9084","38"
"9085","38"
"9086","38"
"9087","38"
"9088","38"
"9089","38"
"9090","38"
"9091","38"
"9092","38"
"9093","38"
"9094","38"
"9095","38"
"9096","38"
"9097","38"
"9098","38"
"9099","38"
"9100","38"
"9101","38"
"9102","38"
"9103","38"
"9104","38"
"9105","38"
"9106","38"
"9107","38"
"9108","38"
"9109","38"
"9110","38"
"9111","38"
"9112","38"
"9113","38"
"9114","38"
"9115","38"
"9116","38"
"9117","38"
"9118","38"
"9119","38"
"9121","38"
"9122","38"
"9123","38"
"9124","38"
"9125","38"
"9126","38"
"9127","38"
"9128","38"
"9129","38"
"9130","38"
"9131","38"
"9132","38"
"9133","38"
"9134","38"
"9135","38"
"9136","38"
"9137","38"
"9138","38"
"9139","38"
"9140","38"
"9141","38"
"9142","38"
"9143","38"
"9144","38"
"9145","38"
"9146","38"
"9147","38"
"9148","38"
"9149","38"
"9150","38"
"9151","38"
"9152","38"
"9153","38"
"9154","38"
"9155","38"
"9156","38"
"9158","38"
"9159","38"
"9160","38"
"9161","38"
"9162","38"
"9163","38"
"9164","38"
"9165","38"
"9168","38"
"9169","38"
"9170","38"
"9171","38"
"9172","38"
"9173","38"
"9174","38"
"9175","38"
"9176","38"
"9177","38"
"9178","38"
"9179","38"
"9180","38"
"9181","38"
"9182","38"
"9183","38"
"9184","38"
"9185","38"
"9186","38"
"9187","38"
"9188","38"
"9189","38"
"9190","38"
"9191","38"
"9192","38"
"9193","38"
"9194","38"
"9196","38"
"9197","38"
"9198","38"
"9199","38"
"9200","38"
"9201","38"
"9202","38"
"9203","38"
"9204","38"
"9205","38"
"9206","38"
"9207","38"
"9208","38"
"9209","38"
"9210","38"
"9211","38"
"9212","38"
"9213","38"
"9214","38"
"9215","38"
"9216","38"
"9217","38"
"9218","38"
"9219","38"
"9220","38"
"9221","38"
"9222","38"
"9223","38"
"9224","38"
"9225","38"
"9226","38"
"9227","38"
"9228","38"
"9229","38"
"9230","38"
"9231","38"
"9232","38"
"9233","38"
"9234","38"
"9235","38"
"9236","38"
"9237","38"
"9238","38"
"9239","38"
"9240","38"
"9241","38"
"9242","38"
"9243","38"
"9244","38"
"9245","38"
"9246","38"
"9247","38"
"9248","38"
"9249","38"
"9250","38"
"9251","38"
"9252","38"
"9253","38"
"9254","38"
"9255","38"
"9256","38"
"9257","38"
"9258","38"
"9259","38"
"9260","38"
"9262","38"
"9263","38"
"9264","38"
"9265","38"
"9266","38"
"9267","38"
"9268","38"
"9269","38"
"9270","38"
"9271","38"
"9272","38"
"9274","38"
"9275","38"
"9276","38"
"9277","38"
"9278","38"
"9279","38"
"9280","38"
"9281","38"
"9282","38"
"9284","38"
"9285","38"
"9286","38"
"9287","38"
"9288","38"
"9289","38"
"9290","38"
"9291","38"
"9292","38"
"9293","38"
"9294","38"
"9295","38"
"9296","38"
"9297","38"
"9298","38"
"9299","38"
"9300","38"
"9301","38"
"9302","38"
"9303","38"
"9304","38"
"9305","38"
"9306","38"
"9307","38"
"9308","38"
"9309","38"
"9310","38"
"9311","38"
"9312","38"
"9313","38"
"9314","38"
"9315","38"
"9316","38"
"9317","38"
"9318","38"
"9319","38"
"9320","38"
"9321","38"
"9323","38"
"9324","38"
"9325","38"
"9326","38"
"9327","38"
"9328","38"
"9329","38"
"9330","38"
"9331","38"
"9332","38"
"9333","38"
"9334","38"
"9335","38"
"9336","38"
"9337","38"
"9338","38"
"9339","38"
"9340","38"
"9341","38"
"9342","38"
"9343","38"
"9344","38"
"9345","38"
"9346","38"
"9347","38"
"9348","38"
"9349","38"
"9350","38"
"9351","38"
"9352","38"
"9353","38"
"9354","38"
"9355","38"
"9359","38"
"9363","38"
"9365","38"
"9369","38"
"9372","38"
"9374","38"
"9376","38"
"9378","38"
"9379","38"
"9382","38"
"9383","38"
"9388","38"
"9389","38"
"9392","38"
"9393","38"
"9396","38"
"9397","38"
"9398","38"
"9401","38"
"9403","38"
"9404","38"
"9407","38"
"9408","38"
"9411","38"
"9412","38"
"9415","38"
"9417","38"
"9418","38"
"9422","38"
"9424","38"
"9430","38"
"9433","38"
"9436","38"
"9440","38"
"9442","38"
"9444","38"
"10005","38"
"10106","38"
"10110","38"
"10113","38"
"10116","38"
"10119","38"
"10122","38"
"10126","38"
"10130","38"
"10133","38"
"10135","38"
"10139","38"
"10143","38"
"10146","38"
"10147","38"
"10150","38"
"10151","38"
"10154","38"
"10155","38"
"10157","38"
"10159","38"
"10161","38"
"10163","38"
"10165","38"
"10166","38"
"10168","38"
"10170","38"
"10172","38"
"10175","38"
"10178","38"
"10180","38"
"10183","38"
"10185","38"
"10188","38"
"10190","38"
"10193","38"
"10196","38"
"10198","38"
"10201","38"
"10204","38"
"10207","38"
"10210","38"
"10212","38"
"10214","38"
"10216","38"
"10217","38"
"10219","38"
"10221","38"
"10223","38"
"10225","38"
"10228","38"
"10230","38"
"10232","38"
"10233","38"
"10237","38"
"10250","38"
"10255","38"
"10258","38"
"10265","38"
"10269","38"
"10273","38"
"10277","38"
"10280","38"
"10283","38"
"10286","38"
"10288","38"
"10291","38"
"10292","38"
"10296","38"
"10297","38"
"10300","38"
"10301","38"
"10303","38"
"10306","38"
"10309","38"
"10310","38"
"10314","38"
"10317","38"
"10318","38"
"10321","38"
"10325","38"
"10327","38"
"10330","38"
"10335","38"
"10337","38"
"10342","38"
"10344","38"
"10346","38"
"10349","38"
"10350","38"
"10353","38"
"10355","38"
"10361","38"
"10366","38"
"10374","38"
"10376","38"
"10380","38"
"10382","38"
"10383","38"
"10394","38"
"10397","38"
"10401","38"
"10411","38"
"10420","38"
"10425","38"
"10430","38"
"10433","38"
"10434","38"
"10441","38"
"10446","38"
"10449","38"
"10454","38"
"10459","38"
"10462","38"
"10465","38"
"10470","38"
"10475","38"
"10476","38"
"10481","38"
"10486","38"
"10511","38"
"10516","38"
"10521","38"
"10526","38"
"10531","38"
"10536","38"
"10543","38"
"10548","38"
"10551","38"
"10558","38"
"10563","38"
"10564","38"
"10565","38"
"10566","38"
"10567","38"
"10571","38"
"10575","38"
"10579","38"
"10583","38"
"10593","38"
"10600","38"
"10607","38"
"10611","38"
"10618","38"
"10625","38"
"10629","38"
"10636","38"
"10637","38"
"10644","38"
"10645","38"
"10652","38"
"10653","38"
"10660","38"
"10670","38"
"10680","38"
"10687","38"
"10694","38"
"10701","38"
"10705","38"
"10715","38"
"10722","38"
"10745","38"
"10749","38"
"10753","38"
"10760","38"
"10761","38"
"10779","38"
"10789","38"
"10797","38"
"10807","38"
"10811","38"
"10818","38"
"10822","38"
"10829","38"
"10833","38"
"10840","38"
"10844","38"
"10848","38"
"10855","38"
"10859","38"
"10863","38"
"10867","38"
"10874","38"
"10881","38"
"10885","38"
"10889","38"
"10893","38"
"10900","38"
"10904","38"
"10911","38"
"10915","38"
"10916","38"
"10920","38"
"10924","38"
"10929","38"
"10933","38"
"10934","38"
"10947","38"
"10948","38"
"10955","38"
"10959","38"
"10966","38"
"10970","38"
"10974","38"
"10982","38"
"10989","38"
"10999","38"
"11009","38"
"11016","38"
"11023","38"
"11042","38"
"11043","38"
"11047","38"
"11051","38"
"11055","38"
"11059","38"
"11060","38"
"11067","38"
"11086","38"
"11093","38"
"11115","38"
"11122","38"
"11129","38"
"11133","38"
"11140","38"
"11144","38"
"11148","38"
"11155","38"
"11162","38"
"11166","38"
"11170","38"
"11177","38"
"11184","38"
"11191","38"
"11201","38"
"11208","38"
"11231","38"
"11232","38"
"11239","38"
"11246","38"
"11247","38"
"11254","38"
"11262","38"
"11266","38"
"11270","38"
"11274","38"
"11278","38"
"11282","38"
"11289","38"
"11296","38"
"11303","38"
"11307","38"
"11314","38"
"11318","38"
"11325","38"
"11332","38"
"11339","38"
"11346","38"
"11350","38"
"11354","38"
"11358","38"
"11362","38"
"11369","38"
"11379","38"
"11386","38"
"11393","38"
"11403","38"
"11518","38"
"11534","38"
"11541","38"
"11548","38"
"11558","38"
"11562","38"
"11569","38"
"11573","38"
"11583","38"
"11597","38"
"11616","38"
"11626","38"
"11636","38"
"11637","38"
"11644","38"
"11648","38"
"11655","38"
"11659","38"
"11669","38"
"11679","38"
"11680","38"
"11690","38"
"11694","38"
"11698","38"
"11714","38"
"11751","38"
"11764","38"
"11792","38"
"11802","38"
"11812","38"
"11819","38"
"11823","38"
"11830","38"
"11834","38"
"11844","38"
"11848","38"
"11852","38"
"11859","38"
"11860","38"
"11867","38"
"11868","38"
"11878","38"
"11882","38"
"11886","38"
"11893","38"
"11897","38"
"11907","38"
"11920","38"
"11927","38"
"11958","38"
"11971","38"
"11978","38"
"11991","38"
"12004","38"
"12011","38"
"12021","38"
"12034","38"
"12044","38"
"12057","38"
"12067","38"
"12083","38"
"12099","38"
"12112","38"
"12122","38"
"12129","38"
"12139","38"
"12149","38"
"12156","38"
"12163","38"
"12242","38"
"12249","38"
"12256","38"
"12260","38"
"12264","38"
"12278","38"
"12279","38"
"12298","38"
"12308","38"
"12318","38"
"12325","38"
"12335","38"
"12345","38"
"12355","38"
"12362","38"
"12372","38"
"12385","38"
"12395","38"
"12405","38"
"14239","38"
"14252","38"
"14259","38"
"14323","38"
"14333","38"
"14340","38"
"14359","38"
"14375","38"
"14391","38"
"14398","38"
"14405","38"
"14412","38"
"14419","38"
"14448","38"
"14458","38"
"14465","38"
"14472","38"
"14491","38"
"14495","38"
"14499","38"
"14506","38"
"14507","38"
"14514","38"
"14518","38"
"14525","38"
"14532","38"
"14533","38"
"14546","38"
"14553","38"
"14554","38"
"14561","38"
"14568","38"
"14578","38"
"14582","38"
"14583","38"
"14599","38"
"14609","38"
"14622","38"
"14629","38"
"14642","38"
"14665","38"
"14672","38"
"14688","38"
"14707","38"
"14711","38"
"14727","38"
"14731","38"
"14735","38"
"14745","38"
"14755","38"
"14762","38"
"14769","38"
"14779","38"
"14786","38"
"14812","38"
"14819","38"
"14829","38"
"14839","38"
"14843","38"
"14847","38"
"14854","38"
"14861","38"
"14862","38"
"14866","38"
"14873","38"
"14880","38"
"14887","38"
"14894","38"
"14895","38"
"14902","38"
"14906","38"
"14916","38"
"14920","38"
"14939","38"
"15007","38"
"15057","38"
"15067","38"
"15086","38"
"15099","38"
"15107","38"
"15114","38"
"15115","38"
"15126","38"
"15133","38"
"15140","38"
"15144","38"
"15151","38"
"15155","38"
"15162","38"
"15172","38"
"15191","38"
"15198","38"
"15208","38"
"15218","38"
"15225","38"
"15232","38"
"15236","38"
"15243","38"
"15253","38"
"15260","38"
"15270","38"
"15280","38"
"15293","38"
"15300","38"
"15307","38"
"15317","38"
"15324","38"
"15340","38"
"15353","38"
"15372","38"
"15382","38"
"15389","38"
"15400","38"
"15407","38"
"15408","38"
"15415","38"
"15422","38"
"15429","38"
"15436","38"
"15446","38"
"15495","38"
"15535","38"
"15545","38"
"15555","38"
"15565","38"
"15575","38"
"15582","38"
"15610","38"
"15620","38"
"15627","38"
"15634","38"
"15641","38"
"15651","38"
"15658","38"
"15671","38"
"15740","38"
"15749","38"
"15754","38"
"15763","38"
"15780","38"
"15793","38"
"15806","38"
"15819","38"
"15820","38"
"15829","38"
"15842","38"
"15851","38"
"15860","38"
"15873","38"
"15886","38"
"15899","38"
"15932","38"
"15945","38"
"15950","38"
"15959","38"
"15972","38"
"15977","38"
"15986","38"
"15995","38"
"16004","38"
"16017","38"
"16030","38"
"16039","38"
"16056","38"
"16065","38"
"16078","38"
"16092","38"
"16097","38"
"16110","38"
"16119","38"
"16136","38"
"16361","38"
"16374","38"
"16411","38"
"16496","38"
"16605","38"
"16614","38"
"16643","38"
"16664","38"
"16677","38"
"16698","38"
"16711","38"
"16720","38"
"16729","38"
"16750","38"
"16755","38"
"16772","38"
"16822","38"
"16835","38"
"16848","38"
"16898","38"
"16991","38"
"17140","38"
"17157","38"
"17170","38"
"17187","38"
"17208","38"
"17221","38"
"17246","38"
"17263","38"
"17272","38"
"17289","38"
"17306","38"
"17315","38"
"17328","38"
"17341","38"
"17362","38"
"17375","38"
"17404","38"
"19809","38"
"19822","38"
"19855","38"
"19868","38"
"19877","38"
"19886","38"
"19899","38"
"19908","38"
"19913","38"
"19921","38"
"19931","38"
"19941","38"
"19954","38"
"19973","38"
"19983","38"
"19990","38"
"20134","38"
"20207","38"
"20217","38"
"20224","38"
"20285","38"
"20295","38"
"20305","38"
"20309","38"
"20316","38"
"20335","38"
"20342","38"
"20349","38"
"20356","38"
"20363","38"
"20370","38"
"20380","38"
"20393","38"
"20400","38"
"20407","38"
"20414","38"
"20421","38"
"20467","38"
"20510","38"
"20514","38"
"20527","38"
"20534","38"
"20541","38"
"20555","38"
"20568","38"
"20575","38"
"20579","38"
"20584","38"
"20591","38"
"20598","38"
"20599","38"
"20609","38"
"20610","38"
"20623","38"
"20630","38"
"20637","38"
"20638","38"
"20651","38"
"20661","38"
"20668","38"
"20675","38"
"20685","38"
"20689","38"
"20702","38"
"20709","38"
"20716","38"
"20723","38"
"20730","38"
"20737","38"
"20744","38"
"20751","38"
"20758","38"
"20762","38"
"20766","38"
"20780","38"
"20787","38"
"20794","38"
"20801","38"
"20808","38"
"20812","38"
"20867","38"
"20946","38"
"20953","38"
"20993","38"
"21108","38"
"21161","38"
"21192","38"
"21301","38"
"21335","38"
"21351","38"
"21400","38"
"21707","38"
"21884","38"
"21888","38"
"21892","38"
"21893","38"
"21897","38"
"21901","38"
"21906","38"
"21912","38"
"21925","38"
"21938","38"
"22008","38"
"22077","38"
"22082","38"
"22095","38"
"22128","38"
"22166","38"
"22180","38"
"23279","38"
"23305","38"
"23306","38"
"23312","38"
"23313","38"
"23339","38"
"23382","38"
"23388","38"
"23450","38"
"23496","38"
"23512","38"
"23513","38"
"23519","38"
"23540","38"
"23546","38"
"23764","38"
"23790","38"
"26497","38"
"26528","38"
"26697","38"
"26758","38"
"26795","38"
"26844","38"
"26845","38"
"26852","38"
"26919","38"
"27458","38"
"27459","38"
"27461","38"
"27462","38"
"27463","38"
"27465","38"
"27466","38"
"27467","38"
"27468","38"
"27470","38"
"27471","38"
"27472","38"
"27473","38"
"27474","38"
"27475","38"
"27476","38"
"27477","38"
"27478","38"
"27480","38"
"27481","38"
"27482","38"
"27483","38"
"27484","38"
"27485","38"
"27486","38"
"27487","38"
"27488","38"
"27489","38"
"27490","38"
"27491","38"
"27492","38"
"27494","38"
"27495","38"
"27496","38"
"27497","38"
"27498","38"
"27499","38"
"27500","38"
"27501","38"
"27502","38"
"27503","38"
"27504","38"
"27505","38"
"27506","38"
"27507","38"
"27508","38"
"27509","38"
"27510","38"
"27511","38"
"27512","38"
"27513","38"
"27514","38"
"27515","38"
"27516","38"
"27517","38"
"27518","38"
"27519","38"
"27520","38"
"27521","38"
"27522","38"
"27523","38"
"27524","38"
"27526","38"
"27527","38"
"27528","38"
"27530","38"
"27531","38"
"27532","38"
"27533","38"
"27534","38"
"27535","38"
"27536","38"
"27537","38"
"27538","38"
"27539","38"
"27540","38"
"27541","38"
"27542","38"
"27543","38"
"27544","38"
"27545","38"
"27546","38"
"27547","38"
"27548","38"
"27549","38"
"27550","38"
"27551","38"
"27552","38"
"27553","38"
"27554","38"
"27555","38"
"27557","38"
"27558","38"
"27559","38"
"27560","38"
"27561","38"
"27562","38"
"27563","38"
"27564","38"
"27565","38"
"27566","38"
"27567","38"
"27568","38"
"27569","38"
"27570","38"
"27571","38"
"27572","38"
"27573","38"
"27574","38"
"27575","38"
"27576","38"
"27577","38"
"27578","38"
"27579","38"
"27580","38"
"27581","38"
"27582","38"
"27583","38"
"27584","38"
"27585","38"
"27586","38"
"27587","38"
"27588","38"
"27589","38"
"27590","38"
"27591","38"
"27592","38"
"27593","38"
"27594","38"
"27595","38"
"27596","38"
"27597","38"
"27598","38"
"27599","38"
"27600","38"
"27601","38"
"27602","38"
"27603","38"
"27604","38"
"27605","38"
"27606","38"
"27607","38"
"27608","38"
"27609","38"
"27610","38"
"27611","38"
"27612","38"
"27613","38"
"27615","38"
"27618","38"
"27619","38"
"27620","38"
"27621","38"
"27622","38"
"27623","38"
"27624","38"
"27626","38"
"27627","38"
"27628","38"
"27629","38"
"27631","38"
"27632","38"
"27633","38"
"27634","38"
"27635","38"
"27636","38"
"27637","38"
"27638","38"
"27639","38"
"27640","38"
"27641","38"
"27642","38"
"27643","38"
"27644","38"
"27645","38"
"27646","38"
"27647","38"
"27648","38"
"27649","38"
"27650","38"
"27651","38"
"27652","38"
"27653","38"
"27654","38"
"27655","38"
"27656","38"
"27657","38"
"27658","38"
"27659","38"
"27661","38"
"27662","38"
"27663","38"
"27664","38"
"27665","38"
"27666","38"
"27667","38"
"27668","38"
"27669","38"
"27670","38"
"27671","38"
"27672","38"
"27673","38"
"27674","38"
"27675","38"
"27676","38"
"27677","38"
"27678","38"
"27679","38"
"27680","38"
"27681","38"
"27682","38"
"27683","38"
"27684","38"
"27685","38"
"27686","38"
"27687","38"
"27688","38"
"27690","38"
"27691","38"
"27692","38"
"27693","38"
"27694","38"
"27695","38"
"27696","38"
"27697","38"
"27698","38"
"27699","38"
"27700","38"
"27701","38"
"27702","38"
"27703","38"
"27704","38"
"27705","38"
"27707","38"
"27708","38"
"27709","38"
"27710","38"
"27711","38"
"27712","38"
"27713","38"
"27714","38"
"27715","38"
"27716","38"
"27717","38"
"27718","38"
"27719","38"
"27720","38"
"27721","38"
"27722","38"
"27723","38"
"27724","38"
"27725","38"
"27726","38"
"27727","38"
"27728","38"
"27729","38"
"27730","38"
"27731","38"
"27732","38"
"27733","38"
"27734","38"
"27735","38"
"27736","38"
"27737","38"
"27738","38"
"27739","38"
"27740","38"
"27741","38"
"27742","38"
"27743","38"
"27744","38"
"27745","38"
"27746","38"
"27747","38"
"27748","38"
"27749","38"
"27750","38"
"27751","38"
"27752","38"
"27753","38"
"27754","38"
"27755","38"
"27756","38"
"27757","38"
"27758","38"
"27759","38"
"27761","38"
"27762","38"
"27763","38"
"27764","38"
"27765","38"
"27766","38"
"27767","38"
"27768","38"
"27769","38"
"27770","38"
"27771","38"
"27772","38"
"27773","38"
"27774","38"
"27775","38"
"27776","38"
"27777","38"
"27778","38"
"27779","38"
"27780","38"
"27781","38"
"27783","38"
"27784","38"
"27785","38"
"27786","38"
"27787","38"
"27788","38"
"27789","38"
"27790","38"
"27791","38"
"27792","38"
"27793","38"
"27794","38"
"27795","38"
"27796","38"
"27797","38"
"27798","38"
"27799","38"
"27800","38"
"27801","38"
"27803","38"
"27804","38"
"27805","38"
"27806","38"
"27807","38"
"27809","38"
"27811","38"
"27812","38"
"27816","38"
"27817","38"
"27818","38"
"27819","38"
"27820","38"
"27821","38"
"27822","38"
"27823","38"
"27829","38"
"27830","38"
"27831","38"
"27832","38"
"27833","38"
"27834","38"
"27835","38"
"27836","38"
"27837","38"
"27838","38"
"27839","38"
"27840","38"
"27841","38"
"27842","38"
"27844","38"
"27845","38"
"27846","38"
"27848","38"
"27849","38"
"27850","38"
"27851","38"
"27854","38"
"27855","38"
"27856","38"
"27857","38"
"27858","38"
"27859","38"
"27860","38"
"27862","38"
"27863","38"
"27864","38"
"27866","38"
"27868","38"
"27871","38"
"27872","38"
"27873","38"
"27874","38"
"27875","38"
"27877","38"
"27878","38"
"27879","38"
"27880","38"
"27881","38"
"27882","38"
"27883","38"
"27885","38"
"27887","38"
"27888","38"
"27889","38"
"27890","38"
"27892","38"
"27893","38"
"27894","38"
"27895","38"
"27896","38"
"27897","38"
"27899","38"
"27900","38"
"27901","38"
"27902","38"
"27903","38"
"27904","38"
"27905","38"
"27906","38"
"27907","38"
"27908","38"
"27909","38"
"27910","38"
"27911","38"
"27912","38"
"27913","38"
"27914","38"
"27915","38"
"27916","38"
"27917","38"
"27918","38"
"27919","38"
"27920","38"
"27921","38"
"27922","38"
"27923","38"
"27924","38"
"27925","38"
"27926","38"
"27927","38"
"27928","38"
"27929","38"
"27930","38"
"27931","38"
"27932","38"
"27933","38"
"27934","38"
"27935","38"
"27936","38"
"27937","38"
"27938","38"
"27939","38"
"27940","38"
"27941","38"
"27942","38"
"27944","38"
"27945","38"
"27946","38"
"27947","38"
"27949","38"
"27950","38"
"27951","38"
"27952","38"
"27953","38"
"27954","38"
"27955","38"
"27956","38"
"27957","38"
"27959","38"
"27960","38"
"27961","38"
"27963","38"
"27964","38"
"27965","38"
"27968","38"
"27970","38"
"27971","38"
"27972","38"
"27973","38"
"27975","38"
"27976","38"
"27977","38"
"27978","38"
"27979","38"
"27980","38"
"27981","38"
"27982","38"
"27983","38"
"27984","38"
"27985","38"
"27986","38"
"27987","38"
"27988","38"
"27989","38"
"27990","38"
"27991","38"
"27992","38"
"27993","38"
"27994","38"
"27995","38"
"27996","38"
"27997","38"
"27998","38"
"27999","38"
"28000","38"
"28001","38"
"28002","38"
"28003","38"
"28004","38"
"28005","38"
"28006","38"
"28007","38"
"28008","38"
"28009","38"
"28010","38"
"28011","38"
"28012","38"
"28013","38"
"28014","38"
"28015","38"
"28016","38"
"28017","38"
"28018","38"
"28019","38"
"28020","38"
"28021","38"
"28022","38"
"28023","38"
"28024","38"
"28025","38"
"28026","38"
"28027","38"
"28028","38"
"28029","38"
"28032","38"
"28033","38"
"28034","38"
"28035","38"
"28037","38"
"28039","38"
"28040","38"
"28041","38"
"28042","38"
"28043","38"
"28044","38"
"28046","38"
"28047","38"
"28048","38"
"28049","38"
"28050","38"
"28051","38"
"28052","38"
"28053","38"
"28054","38"
"28055","38"
"28056","38"
"28057","38"
"28058","38"
"28059","38"
"28060","38"
"28061","38"
"28062","38"
"28063","38"
"28064","38"
"28065","38"
"28066","38"
"28067","38"
"28068","38"
"28070","38"
"28071","38"
"28072","38"
"28073","38"
"28074","38"
"28075","38"
"28076","38"
"28077","38"
"28078","38"
"28079","38"
"28080","38"
"28081","38"
"28084","38"
"28086","38"
"28087","38"
"28089","38"
"28090","38"
"28091","38"
"28092","38"
"28093","38"
"28094","38"
"28095","38"
"28096","38"
"28097","38"
"28098","38"
"28099","38"
"28100","38"
"28101","38"
"28102","38"
"28103","38"
"28104","38"
"28105","38"
"28106","38"
"28107","38"
"28108","38"
"28110","38"
"28111","38"
"28112","38"
"28113","38"
"28114","38"
"28115","38"
"28116","38"
"28117","38"
"28118","38"
"28119","38"
"28120","38"
"28121","38"
"28122","38"
"28123","38"
"28124","38"
"28125","38"
"28126","38"
"28127","38"
"28128","38"
"28129","38"
"28130","38"
"28131","38"
"28132","38"
"28133","38"
"28134","38"
"28135","38"
"28136","38"
"28137","38"
"28138","38"
"28139","38"
"28140","38"
"28141","38"
"28142","38"
"28143","38"
"28144","38"
"28145","38"
"28146","38"
"28147","38"
"28148","38"
"28149","38"
"28150","38"
"28151","38"
"28154","38"
"28155","38"
"28156","38"
"28157","38"
"28158","38"
"28159","38"
"28160","38"
"28161","38"
"28162","38"
"28163","38"
"28164","38"
"28165","38"
"28166","38"
"28167","38"
"28168","38"
"28169","38"
"28170","38"
"28171","38"
"28172","38"
"28173","38"
"28174","38"
"28175","38"
"28176","38"
"28177","38"
"28178","38"
"28179","38"
"28180","38"
"28182","38"
"28183","38"
"28184","38"
"28185","38"
"28188","38"
"28189","38"
"28192","38"
"28193","38"
"28194","38"
"28195","38"
"28196","38"
"28197","38"
"28199","38"
"28200","38"
"28201","38"
"28202","38"
"28203","38"
"28204","38"
"28205","38"
"28206","38"
"28207","38"
"28208","38"
"28209","38"
"28210","38"
"28211","38"
"28212","38"
"28215","38"
"28216","38"
"28217","38"
"28218","38"
"28220","38"
"28221","38"
"28222","38"
"28223","38"
"28224","38"
"28225","38"
"28227","38"
"28228","38"
"28229","38"
"28230","38"
"28231","38"
"28232","38"
"28233","38"
"28234","38"
"28235","38"
"28237","38"
"28239","38"
"28240","38"
"28241","38"
"28242","38"
"28243","38"
"28244","38"
"28245","38"
"28246","38"
"28247","38"
"28248","38"
"28249","38"
"28250","38"
"28251","38"
"28252","38"
"28253","38"
"28254","38"
"28255","38"
"28256","38"
"28257","38"
"28258","38"
"28259","38"
"28260","38"
"28262","38"
"28263","38"
"28264","38"
"28265","38"
"28266","38"
"28267","38"
"28268","38"
"28269","38"
"28270","38"
"28271","38"
"28272","38"
"28273","38"
"28274","38"
"28275","38"
"28276","38"
"28277","38"
"28278","38"
"28279","38"
"28280","38"
"28281","38"
"28282","38"
"28283","38"
"28284","38"
"28286","38"
"28287","38"
"28288","38"
"28289","38"
"28290","38"
"28291","38"
"28292","38"
"28293","38"
"28294","38"
"28295","38"
"28296","38"
"28297","38"
"28298","38"
"28299","38"
"28300","38"
"28301","38"
"28302","38"
"28303","38"
"28304","38"
"28305","38"
"28306","38"
"28307","38"
"28308","38"
"28309","38"
"28310","38"
"28311","38"
"28312","38"
"28313","38"
"28314","38"
"28315","38"
"28316","38"
"28319","38"
"28320","38"
"28321","38"
"28322","38"
"28323","38"
"28325","38"
"28326","38"
"28327","38"
"28328","38"
"28329","38"
"28330","38"
"28331","38"
"28332","38"
"28333","38"
"28334","38"
"28335","38"
"28336","38"
"28337","38"
"28338","38"
"28339","38"
"28340","38"
"28341","38"
"28342","38"
"28343","38"
"28344","38"
"28345","38"
"28346","38"
"28347","38"
"28348","38"
"28349","38"
"28350","38"
"28351","38"
"28352","38"
"28353","38"
"28354","38"
"28355","38"
"28356","38"
"28357","38"
"28358","38"
"28359","38"
"28360","38"
"28361","38"
"28362","38"
"28363","38"
"28364","38"
"28365","38"
"28366","38"
"28367","38"
"28368","38"
"28371","38"
"28372","38"
"28373","38"
"28374","38"
"28375","38"
"28376","38"
"28377","38"
"28378","38"
"28379","38"
"28382","38"
"28383","38"
"28384","38"
"28385","38"
"28386","38"
"28387","38"
"28390","38"
"28391","38"
"28392","38"
"28393","38"
"28394","38"
"28395","38"
"28396","38"
"28397","38"
"28398","38"
"28399","38"
"28400","38"
"28401","38"
"28402","38"
"28403","38"
"28404","38"
"28406","38"
"28407","38"
"28408","38"
"28409","38"
"28410","38"
"28411","38"
"28412","38"
"28413","38"
"28414","38"
"28415","38"
"28416","38"
"28417","38"
"28418","38"
"28419","38"
"28420","38"
"28421","38"
"28422","38"
"28423","38"
"28424","38"
"28425","38"
"28426","38"
"28427","38"
"28428","38"
"28429","38"
"28431","38"
"28432","38"
"28434","38"
"28438","38"
"28440","38"
"28442","38"
"28443","38"
"28444","38"
"28445","38"
"28449","38"
"28450","38"
"28451","38"
"28452","38"
"28453","38"
"28454","38"
"28455","38"
"28456","38"
"28457","38"
"28458","38"
"28459","38"
"28460","38"
"28461","38"
"28465","38"
"28466","38"
"28467","38"
"28468","38"
"28469","38"
"28470","38"
"28471","38"
"28472","38"
"28473","38"
"28474","38"
"28475","38"
"28477","38"
"28478","38"
"28479","38"
"28481","38"
"28482","38"
"28483","38"
"28484","38"
"28485","38"
"28486","38"
"28487","38"
"28488","38"
"28489","38"
"28490","38"
"28491","38"
"28492","38"
"28493","38"
"28494","38"
"28495","38"
"28496","38"
"28497","38"
"28499","38"
"28500","38"
"28501","38"
"28502","38"
"28503","38"
"28507","38"
"28508","38"
"28510","38"
"28511","38"
"28512","38"
"28515","38"
"28522","38"
"28523","38"
"28524","38"
"28525","38"
"28528","38"
"28530","38"
"28531","38"
"28532","38"
"28533","38"
"28534","38"
"28536","38"
"28537","38"
"28538","38"
"28539","38"
"28540","38"
"28541","38"
"28542","38"
"28543","38"
"28544","38"
"28545","38"
"28546","38"
"28547","38"
"28549","38"
"28550","38"
"28551","38"
"28552","38"
"28553","38"
"28554","38"
"28555","38"
"28557","38"
"28558","38"
"28559","38"
"28560","38"
"28561","38"
"28564","38"
"28565","38"
"28568","38"
"28569","38"
"28570","38"
"28571","38"
"28572","38"
"28573","38"
"28574","38"
"28575","38"
"28576","38"
"28577","38"
"28578","38"
"28579","38"
"28580","38"
"28581","38"
"28582","38"
"28583","38"
"28584","38"
"28585","38"
"28586","38"
"28587","38"
"28588","38"
"28589","38"
"28590","38"
"28591","38"
"28592","38"
"28593","38"
"28594","38"
"28595","38"
"28597","38"
"28598","38"
"28600","38"
"28601","38"
"28602","38"
"28604","38"
"28605","38"
"28606","38"
"28607","38"
"28608","38"
"28609","38"
"28610","38"
"28611","38"
"28612","38"
"28615","38"
"28616","38"
"28617","38"
"28618","38"
"28619","38"
"28620","38"
"28621","38"
"28622","38"
"28623","38"
"28625","38"
"28626","38"
"28627","38"
"28630","38"
"28631","38"
"28633","38"
"28634","38"
"28635","38"
"28636","38"
"28637","38"
"28639","38"
"28640","38"
"28641","38"
"28642","38"
"28643","38"
"28644","38"
"28645","38"
"28647","38"
"28648","38"
"28650","38"
"28651","38"
"28652","38"
"28653","38"
"28654","38"
"28655","38"
"28657","38"
"28658","38"
"28661","38"
"28662","38"
"28664","38"
"28665","38"
"28666","38"
"28667","38"
"28668","38"
"28669","38"
"28670","38"
"28671","38"
"28677","38"
"28678","38"
"28679","38"
"28680","38"
"28681","38"
"28682","38"
"28683","38"
"28686","38"
"28687","38"
"28688","38"
"28690","38"
"28693","38"
"28694","38"
"28695","38"
"28696","38"
"28698","38"
"28699","38"
"28700","38"
"28701","38"
"28702","38"
"28703","38"
"28705","38"
"28707","38"
"28708","38"
"28711","38"
"28712","38"
"28713","38"
"28714","38"
"28715","38"
"28716","38"
"28717","38"
"28718","38"
"28719","38"
"28721","38"
"28722","38"
"28723","38"
"28724","38"
"28725","38"
"28726","38"
"28727","38"
"28728","38"
"28729","38"
"28730","38"
"28731","38"
"28732","38"
"28733","38"
"28734","38"
"28735","38"
"28736","38"
"28737","38"
"28738","38"
"28740","38"
"28741","38"
"28742","38"
"28743","38"
"28744","38"
"28745","38"
"28746","38"
"28747","38"
"28748","38"
"28749","38"
"28750","38"
"28751","38"
"28752","38"
"28753","38"
"28754","38"
"28756","38"
"28757","38"
"28758","38"
"28760","38"
"28761","38"
"28762","38"
"28763","38"
"28764","38"
"28765","38"
"28767","38"
"28768","38"
"28769","38"
"28770","38"
"28771","38"
"28772","38"
"28775","38"
"28777","38"
"28778","38"
"28779","38"
"28780","38"
"28781","38"
"28782","38"
"28783","38"
"28784","38"
"28785","38"
"28786","38"
"28787","38"
"28788","38"
"28789","38"
"28790","38"
"28791","38"
"28792","38"
"28793","38"
"28794","38"
"28796","38"
"28797","38"
"28798","38"
"28800","38"
"28801","38"
"28803","38"
"28804","38"
"28805","38"
"28806","38"
"28807","38"
"28808","38"
"28809","38"
"28811","38"
"28812","38"
"28813","38"
"28814","38"
"28815","38"
"28816","38"
"28817","38"
"28818","38"
"28820","38"
"28821","38"
"28822","38"
"28823","38"
"28825","38"
"28826","38"
"28827","38"
"28828","38"
"28829","38"
"28830","38"
"28831","38"
"28832","38"
"28833","38"
"28835","38"
"28836","38"
"28837","38"
"28839","38"
"28842","38"
"28843","38"
"28844","38"
"28845","38"
"28846","38"
"28847","38"
"28848","38"
"28849","38"
"28851","38"
"28854","38"
"28855","38"
"28856","38"
"28858","38"
"28860","38"
"28861","38"
"28862","38"
"28863","38"
"28865","38"
"28866","38"
"28870","38"
"28871","38"
"28873","38"
"28874","38"
"28875","38"
"28876","38"
"28877","38"
"28878","38"
"28890","38"
"28893","38"
"28894","38"
"28899","38"
"28901","38"
"28903","38"
"28904","38"
"28906","38"
"28907","38"
"28908","38"
"28909","38"
"28912","38"
"28913","38"
"28915","38"
"28921","38"
"28922","38"
"28923","38"
"28924","38"
"28928","38"
"28929","38"
"28930","38"
"28939","38"
"28940","38"
"28941","38"
"28942","38"
"28943","38"
"28944","38"
"28945","38"
"28946","38"
"28949","38"
"28950","38"
"28951","38"
"28952","38"
"28954","38"
"28959","38"
"28961","38"
"28962","38"
"28964","38"
"28966","38"
"28967","38"
"28968","38"
"28970","38"
"28971","38"
"28972","38"
"28975","38"
"28976","38"
"28978","38"
"28980","38"
"28981","38"
"28984","38"
"28986","38"
"28987","38"
"28988","38"
"28989","38"
"28990","38"
"28991","38"
"28995","38"
"28996","38"
"29000","38"
"29002","38"
"29003","38"
"29004","38"
"29007","38"
"29009","38"
"29011","38"
"29013","38"
"29018","38"
"29019","38"
"29020","38"
"29023","38"
"29026","38"
"29028","38"
"29029","38"
"29030","38"
"29031","38"
"29032","38"
"29036","38"
"29037","38"
"29039","38"
"29040","38"
"29045","38"
"29046","38"
"29047","38"
"29048","38"
"29049","38"
"29050","38"
"29053","38"
"29054","38"
"29055","38"
"29056","38"
"29057","38"
"29058","38"
"29059","38"
"29060","38"
"29061","38"
"29062","38"
"29063","38"
"29068","38"
"29070","38"
"29071","38"
"29072","38"
"29073","38"
"29075","38"
"29076","38"
"29078","38"
"29079","38"
"29082","38"
"29084","38"
"29086","38"
"29087","38"
"29089","38"
"29090","38"
"29091","38"
"29092","38"
"29093","38"
"29094","38"
"29095","38"
"29096","38"
"29097","38"
"29100","38"
"29109","38"
"29110","38"
"29111","38"
"29112","38"
"29115","38"
"29120","38"
"29121","38"
"29125","38"
"29129","38"
"29130","38"
"29137","38"
"29139","38"
"29144","38"
"29145","38"
"29146","38"
"29147","38"
"29149","38"
"29150","38"
"29152","38"
"29153","38"
"29154","38"
"29155","38"
"29159","38"
"29192","38"
"29197","38"
"29207","38"
"29220","38"
"29221","38"
"29242","38"
"29243","38"
"29256","38"
"29257","38"
"29280","38"
"29282","38"
"29283","38"
"29284","38"
"29286","38"
"29289","38"
"29297","38"
"29298","38"
"29316","38"
"29326","38"
"29328","38"
"29330","38"
"29331","38"
"29332","38"
"29341","38"
"29359","38"
"29371","38"
"29434","38"
"29435","38"
"29442","38"
"29449","38"
"29452","38"
"29454","39"
"29457","39"
"29460","39"
"29461","39"
"29462","39"
"29464","39"
"29465","39"
"29466","39"
"29468","39"
"29469","39"
"29470","39"
"29471","39"
"29472","39"
"29473","39"
"29474","39"
"29476","39"
"29477","39"
"29478","39"
"29479","39"
"29480","39"
"29481","39"
"29482","39"
"29483","39"
"29484","39"
"29487","39"
"29490","39"
"29495","39"
"29497","39"
"29500","39"
"29502","39"
"29503","39"
"29507","39"
"29742","38"
"29990","40"
"29992","40"
"29993","40"
"29995","40"
"29996","40"
"29997","40"
"30001","40"
"30004","40"
"30005","40"
"30009","40"
"30016","40"
"30020","40"
"30021","40"
"30027","40"
"30047","40"
"30048","40"
"30049","40"
"30050","40"
"30053","40"
"30054","40"
"30055","40"
"30056","40"
