"id","billed_invoce","paid_date","paid_fees"
"1432","2900.10.19.1432","2021-1-5","104.01"
"1844","3282.03.20.1844","2020-4-3","212"
"1856","3263 & 3263","2020-4-3","328.94"
"1870","3275.02.20.1870","2020-5-7","33"
"2045","3395.04.20.2045","2021-3-26","70.3"
"2212","3533.05.20.2212","2021-4-7","25"
"2685","3925.06.20.2685","2020-8-7","202.42"
"2689","3917.06.20.2689","2021-4-5","56.52"
"2726","3950.06.20.2726","2021-4-23","92.66"
"2983","4147.07.20.2983","2021-4-29","101.03"
"3013","4164.07.20.3013","2021-3-29","58.97"
"3022","4187.07.20.3022","2021-4-8","309.56"
"3023","4229.07.20.3023","2021-3-29","162.24"
"3025","4186.07.20.3025","2021-3-29","62.9"
"3041","4183 4182.07.20.3041","2021-3-19","62.24"
"3050","4176.07.20.3050","2021-3-29","72.24"
"3089","4259.07.20.3089","2021-3-26","10"
"3090","4234.07.20.3090","2021-3-29","99.74"
"3099","4197.07.20.3099","2021-3-29","269.28"
"3105","4319.07.20.3105","2021-3-19","0"
"3141","4246.07.20.3141","2021-3-25","132.24"
"3149","4359.07.20.319","2021-3-29","72.44"
"3160","4248.07.20.3160","2021-4-8","73.64"
"3174","4349.08.20.3174","2020-8-28","162.45"
"3175","4288.07.20.3175","2021-3-25","232.46"
"3176","4287.07.20.3176","2021-3-29","138.36"
"3199","4307.07.20.3199","2021-3-29","72.36"
"3200","4286.07.20.3200","2021-3-29","86.73"
"3203","4292.07.20.3203","2021-3-29","128.36"
"3269","4343.08.20.3269","2021-4-7","70"
"3294","4347.08.20.3294","2021-3-23","43.69"
"3310","4354.08.20.3310","2021-3-29","75.46"
"3328","4491.08.20","2020-10-1","407.74"
"3368","4413.08.20.3368","2021-3-29","97.84"
"3385","4439.08.20.3385","2021-2-1","175.55"
"3449","4500.08.20.3449","2021-4-5","247.92"
"3572","4563.08.20.3572","2020-9-22","358.24"
"3586","4564.08.20.3586","2021-3-16","473.52"
"3635","4643.08.20.3635","2021-4-8","304.31"
"4177","5315.09.20.4177","2021-4-12","42.95"
"4244","4918.09.20.4244","2021-3-16","72.43"
"4290","4943.09.20.4290","2021-4-23","111.59"
"4321","5083.09.20.4321","2021-3-29","71.22"
"4620","5186.09.20.4620","2021-4-23","130.95"
"4638","5091.09.20.4638","2021-7-1","136.88"
"4643","5373.09.20.4643","2021-6-23","187.88"
"4648","5087.09.20.4648","2021-3-23","57.25"
"4653","5390.09.20.4653","2021-3-12","176"
"4725","5346.09.20.4725","2021-11-22","277.97"
"4813","5352.09.20.4813","2021-3-29","37.37"
"4927","5339.09.20.4927","2021-3-22","62.6"
"4941","5430.09.20.4941","2021-5-17","57.44"
"5002","5388.09.20.5002","2021-5-26","78.8"
"5181","5437.09.20.5181","2021-4-12","153.97"
"5213","5349.09.20.5213","2021-11-3","192.36"
"5240","5535.10.20.5240","2021-7-1","63.7"
"5275","5534.10.20.5275","2021-7-26","244.39"
"5285","5503.10.20.5285","2021-4-23","131.78"
"5292","5549.10.20.5292","2021-5-28","58.47"
"5294","5537.10.20.5294","2021-3-23","114.84"
"5306","5496.10.20.5306","2021-6-8","109.34"
"5389","5610.10.20.5389","2021-11-9","177.43"
"5465","5612.10.20.5465","2021-3-30","559.36"
"5468","5614.10.20.5468","2021-3-30","633.23"
"5471","5715.10.20.5471","2021-6-10","260.8"
"5474","5716.10.20.5474","2021-5-24","68.11"
"5489","5613.10.20.5489","2021-3-29","274.72"
"5497","5629.10.20","2021-3-29","366.44"
"5508","5718.10.20.5508","2021-3-29","279.15"
"5511","5853.10.20.5511","2021-3-26","15"
"5527","5634.10.20","2021-6-1","257.97"
"5531","5737.10.20.5531","2021-3-29","303.15"
"5533","5732.10.20.5533","2021-3-29","195.15"
"5538","5619.10.20.5538","2021-3-29","383.2"
"5540","5722.10.20.5540","2020-11-4","154.35"
"5541","5622.10.20.5541","2021-4-8","273.2"
"5565","5743.10.20.5565","2021-4-23","501.15"
"5568","5775.10.20","2021-4-8","169.69"
"5587","5725.10.20.5587","2021-3-29","154.35"
"5600","5727.10.20.5600","2021-3-29","121.02"
"5604","5735.10.20.5604","2021-5-10","51.15"
"5642","5746.10.20.5642","2021-3-25","259.95"
"5650","5739.10.20.5650","2021-4-12","749.23"
"5675","5686.10.20.5675","2021-5-10","263.75"
"5740","5834.10.20.5740","2021-4-5","115.42"
"5862","6086.10.20.5862","2021-3-23","44"
"5879","5942.10.20.5879","2021-5-17","16.83"
"5924","6072.11.20","2020-12-24","68.76"
"5926","5979.10.20.5926","2021-3-25","231.15"
"5962","6070.11.20","2021-3-29","158.77"
"5965","6079.11.20","2021-3-31","67.67"
"5970","5986.10.20.5970","2021-5-7","46.8"
"6005","6154.10.20.6005","2021-4-12","159.46"
"6023","6150.10.20.6023","2021-3-29","280.91"
"6026","6151.10.20.6026","2021-3-29","148.03"
"6051","5997.10.20.6051","2021-7-15","20.35"
"6066","6101.11.20","2021-3-29","232.25"
"6070","6055.11.20","2021-3-29","135.15"
"6073","6122.10.20.6073","2021-2-5","169.69"
"6091","6220.11.20.6091","2021-5-17","69.41"
"6132","6118.11.20","2021-3-29","289.56"
"6141","6153.10.20.6141","2021-4-8","186.03"
"6146","6138.10.20.6146","2021-5-5","217.58"
"6158","6137.10.20.6158","2021-4-27","146.98"
"6162","6056.10.20.6162","2021-3-12","47.9"
"6163","6065.10.20.6163","2021-3-29","65.61"
"6164","6166.10.20.6164","2021-12-28","208.44"
"6189","6186.10.20.6189","2021-3-29","156.71"
"6192","6188.11.20.6192","2021-4-8","39.86"
"6223","10251","2020-12-2","7.5"
"6259","6170.10.20.6259","2021-12-27","105.3"
"6263","6126.10.20.6263","2021-4-12","33.33"
"6280","6182.11.20.6280","2021-3-10","49.4"
"6285","6197.11.20.6285","2021-5-24","317.15"
"6292","6132.10.20.6292","2021-4-21","70.39"
"6308","6131.10.20.6308","2021-4-5","6.88"
"6321","6233.11.20.6321","2021-5-26","139.12"
"6481","6477.11.20.6481","2021-11-18","115"
"6528","6478.11.20.6528","2021-11-18","129.6"
"6776","6567.11.20.6776","2021-7-1","62.85"
"6943","6708.12.20.6943","2021-4-8","92.16"
"6948","6707.12.20.6948","2021-4-23","35.75"
"7023","6783.12.20.7023","2021-3-29","293.7"
"7120","6839.01.21.7120","2021-3-11","178.07"
"7131","6845.01.21","2021-4-23","15.89"
"7167","6882.02.21","2021-3-29","108.37"
"7198","6928.02.21","2021-7-30","122.32"
"7216","6921.02.21","2021-5-24","21.95"
"7228","6930.02.21.7228","2021-3-29","259.45"
"7297","6983.03.21","2021-6-1","73.31"
"7298","698403.21","2021-3-29","65.43"
"7374","7049.03.21","2021-4-1","22"
"7383","7057.04.21","2021-5-21","28.25"
"7401","7119","2021-12-30","189.47"
"7409","7072.04.21","2021-8-25","24.29"
"7412","7098","2021-5-3","87.04"
"7414","7075","2021-5-17","38.45"
"7417","7081","2021-8-25","160.89"
"7420","7116.04.21","2021-7-2","402.73"
"7427","7085","2021-5-3","80.24"
"7431","7094.04.21","2021-4-29","45.66"
"7432","7101","2021-5-20","101.38"
"7439","7091.04.21","2021-4-23","86.4"
"7453","7109","2022-1-21","87.17"
"7483","7125","2021-6-30","194.57"
"7485","7139.04.21","2021-6-1","82.56"
"7493","7143.04.21","2021-10-15","51.51"
"7499","7146","2021-7-6","87.88"
"7519","7160","2021-12-14","105.49"
"7520","7162","2021-5-17","232.17"
"7528","7166","2021-5-5","161.05"
"7530","7168","2021-5-20","115.74"
"7539","7173","2021-4-29","52.42"
"7543","7177","2021-5-3","16.95"
"7544","7176","2021-4-27","91.98"
"7549","7180","2021-5-5","151.68"
"7550","7220","2021-5-17","44"
"7576","7198","2021-4-29","73.04"
"7577","7202","2021-5-3","229.12"
"7604","7226.04.21","2021-12-21","142.56"
"7606","7224.05.21","2021-5-10","84.91"
"7614","7233","2021-8-19","101.23"
"7617","7234.05.21","2021-7-21","53.07"
"7627","7259.05.21","2021-5-21","333.09"
"7646","7290","2021-6-8","203.99"
"7664","7267","2021-7-6","301.55"
"7671","7266","2021-8-4","116.79"
"7686","7277.05.21","2021-10-6","194.4"
"7690","7278.05.21","2021-5-28","52.47"
"7691","7285","2022-1-17","18.75"
"7692","7284","2022-1-17","150.89"
"7694","7286","2021-12-13","272.47"
"7705","7293.05.21","2021-6-23","194.26"
"7706","7297","2022-1-4","158.04"
"7719","7307.05.21","2021-6-1","112.11"
"7720","7310","2021-10-7","63.94"
"7721","7301.05.21","2021-7-28","202.36"
"7724","7950","2022-3-15","54"
"7740","7323.05.21","2022-3-15","123.48"
"7751","7337","2021-6-14","83.78"
"7752","7336","2021-6-23","108.71"
"7755","7339","2021-6-23","110.57"
"7756","7342","2021-6-30","62.58"
"7758","7343","2021-6-30","49.85"
"7759","7340","2021-6-23","103.05"
"7763","7345","2021-6-14","150.96"
"7770","7352","2021-12-21","195.91"
"7773","7346","2021-6-22","45.66"
"7775","7359.06.21","2021-12-27","143.24"
"7776","7377.06.21","2021-11-22","19.95"
"7780","7363.06.21","2021-10-25","176.61"
"7785","7380","2021-6-23","712.04"
"7788","7379","2021-6-23","60"
"7797","7383 7384","2021-6-23","1622.49"
"7799","7369","2021-6-22","30.7"
"7804","7385-7386.06.21","2022-1-18","302.86"
"7817","7389.06.21","2021-10-7","136.67"
"7819","7392.06.21","2021-11-17","36.74"
"7825","7394","2021-10-7","33"
"7830","7405 & 7406","2021-7-26","228.08"
"7837","7402.06.21","2021-10-14","65.41"
"7840","7416.06.21","2021-6-22","112.51"
"7855","7421.06.21","2022-1-31","213.24"
"7862","7424.06.21","2021-11-1","222.8"
"7873","7432.06.21","2022-3-7","152.95"
"7876","7479.06.21","2021-10-6","203.86"
"7882","7433","2021-6-30","78.72"
"7886","7459","2021-11-9","10.46"
"7893","7487.06.21","2022-1-31","49.5"
"7900","7503","2021-7-26","9.95"
"7906","7471","2021-7-27","154.05"
"7919","7469.06.21","2022-1-21","135.52"
"7921","7476","2022-1-20","270.19"
"7935","7501.06.21","2022-2-14","299.39"
"7937","7494.06.21","2021-8-4","65.68"
"7946","7496.06.2","2021-6-30","141.64"
"7953","7505","2021-7-13","55.83"
"7954","7500.06.21","2021-11-9","58.33"
"7961","7507","2022-1-20","317.52"
"7973","7572.06.21","2021-11-9","33"
"7978","7578.06.21","2021-7-21","25"
"7980","7541","2021-11-16","169.91"
"8000","7574","2021-8-11","26.08"
"8006","7542","2022-1-4","134.99"
"8009","7556.06.21","2021-7-6","118.19"
"8022","7550","2021-7-21","166.32"
"8037","7559.06.21","2021-11-9","79.58"
"8038","7563.06.21","2021-12-31","86.89"
"8039","7562","2022-2-7","107.55"
"8044","7582.06.21","2021-7-13","89.16"
"8049","7617.07.01","2021-11-9","42.95"
"8060","7656",,"1238.27"
"8064","7589.06.21","2022-1-31","138.48"
"8068","7600.06.21","2021-8-11","129.49"
"8071","7597","2021-8-11","154.69"
"8085","7758","2021-12-3","33"
"8092","7631","2021-12-20","87.26"
"8112","7636","2021-7-21","53.4"
"8122","7647","2021-11-22","135.52"
"8141","7663","2021-12-20","112.64"
"8153","7678","2022-1-31","50.2"
"8155","7671","2021-7-15","69.12"
"8170","7680","2021-11-22","90.68"
"8173","7683","2021-7-26","418.28"
"8177","7682","2021-10-6","132.62"
"8184","7695","2021-10-6","126"
"8189","7692","2021-7-21","72.32"
"8191","7860 & 9850","2021-12-2","338.71"
"8192","7701","2022-1-6","168.23"
"8197","7708","2021-8-25","64.4"
"8212","7711","2021-10-7","165.77"
"8216","7713","2022-1-21","232.7"
"8224","7904","2021-10-6","54"
"8229","7724","2021-10-6","52.8"
"8231","7739","2021-8-4","238.39"
"8243","7815","2022-2-10","82.19"
"8254","7748","2021-10-7","128.45"
"8257","7824","2021-8-25","33"
"8270","7783","2022-2-7","139.77"
"8277","7763.07.21","2022-1-20","72"
"8299","7803","2022-2-9","213.45"
"8313","7796.07.21","2022-1-7","54"
"8314","7799.07.21","2021-10-6","36"
"8318","7806","2021-11-12","149.1"
"8326","7821","2021-11-18","15"
"8327","7818","2021-11-17","96.74"
"8339","7829","2022-2-7","108.72"
"8340","7863","2022-3-28","14"
"8344","7850","2021-8-3","360.37"
"8347","7830","2022-1-31","190.77"
"8364","7846","2021-10-6","33"
"8365","7849","2021-10-25","135.9"
"8368","7861","2022-1-10","54"
"8374","7868","2022-2-28","36"
"8381","7886","2021-11-15","178.51"
"8408","7891","2021-11-18","146.65"
"8410","7934","2021-11-9","33"
"8412","7893","2021-8-3","255.26"
"8413","7947","2022-2-21","35.75"
"8437","7913","2021-8-19","196.8"
"8458","7970","2021-11-9","33"
"8467","7937","2021-10-15","33"
"8474","7944","2022-2-4","202.45"
"8480","7964","2021-11-12","16.5"
"8483","7946","2021-11-18","132.07"
"8484","7951","2021-9-28","71.77"
"8496","7956","2021-12-31","79.2"
"8502","7961","2021-12-15","119.1"
"8506","7976","2021-12-31","126.09"
"8508","7968","2022-2-7","61.92"
"8516","7986","2021-12-2","101.36"
"8526","7994","2021-12-31","45.59"
"8531","8122","2021-11-12","12.46"
"8532","7996","2022-1-5","274.51"
"8534","8003","2021-10-1","24.92"
"8535","7999","2022-1-20","36.24"
"8536","8007&8008","2021-12-2","1267.74"
"8550","8016","2021-11-18","62.38"
"8551","8036","2021-8-19","19.25"
"8556","8027","2022-2-4","24.75"
"8562","8044","2021-10-18","14"
"8565","8025","2021-9-3","135.52"
"8566","8021","2022-2-18","100.35"
"8567","8024","2022-2-15","209.27"
"8573","8093","2022-1-12","662.21"
"8577","8030","2022-1-31","29.16"
"8579","8048&8051","2021-8-20","187.34"
"8587","8042","2022-1-18","603.17"
"8588","8053","2021-12-15","136.45"
"8589","8059","2022-3-30","49.5"
"8592","8070","2021-11-12","94.18"
"8596","8052","2022-1-13","59.29"
"8602","8056","2021-12-20","84.75"
"8615","8066","2021-9-15","408.24"
"8616","8064","2021-12-27","72.32"
"8622","8075","2022-3-15","144.48"
"8629","8083","2022-1-13","63.26"
"8633","8086","2021-11-12","31.08"
"8645","8094","2021-10-4","94.09"
"8649","8095","2022-1-13","223.24"
"8660","8102","2021-10-7","202.45"
"8661","8188","2021-12-15","33"
"8667","8106","2021-10-18","61.24"
"8671","8215","2022-1-12","523.62"
"8673","8118","2021-11-9","41.49"
"8674","8108","2021-9-15","54.2"
"8681","8170","2022-3-1","33"
"8682","8114","2021-8-19","101.39"
"8683","8157","2022-1-5","20"
"8685","8116","2021-12-30","157.76"
"8689","8131","2021-9-15","42.82"
"8694","8161","2021-11-17","33"
"8707","8126","2021-12-15","140.93"
"8713","8162","2021-12-30","33"
"8714","8152","2021-10-7","210.09"
"8717","8140","2022-2-28","130.95"
"8718","8202","2021-11-12","33"
"8736","8151","2021-11-9","66.38"
"8744","8159","2021-12-15","165"
"8748","8163","2022-1-31","72.56"
"8755","8179","2021-12-3","65.87"
"8775","8209","2021-11-12","538.77"
"8776","8191","2021-9-15","72"
"8777","8208","2021-10-28","24"
"8786","8222","2021-12-20","92.14"
"8792","8195","2021-12-2","32.62"
"8797","8207","2021-11-12","33"
"8801","8201","2021-11-9","49.5"
"8805","8225","2021-12-20","255.26"
"8809","8198","2021-9-15","18.95"
"8829","8230",,"64.12"
"8830","8236","2021-12-1","109.63"
"8841","8237","2021-10-7","108.95"
"8842","8252","2022-2-18","26.45"
"8843","8271","2021-11-9","140.48"
"8845","8353","2021-10-4","92.06"
"8846","8269","2021-12-27","33"
"8851","8245","2022-2-8","23.7"
"8858","8250","2021-9-7","129.49"
"8864","8263","2021-11-9","19.58"
"8866","8255","2021-9-7","240.62"
"8867","8253",,"0"
"8869","8264","2021-10-6","313.53"
"8873","8257","2022-1-31","179.55"
"8875","8262","2022-6-30","174.72"
"8878","8272","2021-10-11","23.7"
"8889","8277","2021-11-9","69.73"
"8892","8278","2021-10-28","226.29"
"8921","8279","2021-10-1","135.52"
"8925","8628","2021-11-22","71.98"
"8937","8297","2021-9-15","318.6"
"8940","8286","2021-11-16","163.52"
"8943","8361","2021-9-30","20.36"
"8945","8300","2022-1-10","185.55"
"8947","8289","2021-12-21","336.74"
"8952","8298","2021-11-16","52.31"
"8953","8294","2021-11-16","72.56"
"8955","8299","2021-11-23","19.5"
"8956","8283","2021-11-2","139.85"
"8958","8561","2022-1-19","279.12"
"8964","8281","2021-10-4","72.95"
"8970","8636","2021-10-11","42.95"
"8974","8284","2021-11-16","62.86"
"8979","8446","2021-10-28","343.96"
"8986","8321","2021-9-20","122.06"
"8990","8329","2021-10-13","105.15"
"8992","8324","2021-12-21","124.7"
"8993","8498","2021-10-14","165.77"
"9002","8719","2022-3-15","136.5"
"9003","8648","2021-10-21","105.27"
"9023","8653","2021-10-7","202.45"
"9025","8314","2021-10-13","149.88"
"9029","8533.09.21","2022-1-25","44.6"
"9032","8302","2021-9-24","85.43"
"9038","8359","2021-11-15","189.69"
"9041","8726","2021-11-15","135.24"
"9042","8337","2021-9-17","135.38"
"9043","8713","2021-11-15","214.9"
"9046","8716","2022-1-20","25.02"
"9053","8545","2022-1-4","305.6"
"9054","8467","2021-11-15","68.93"
"9055","8335","2021-9-28","281.19"
"9056","8709.09.21","2021-11-15","145.2"
"9057","9195","2021-12-16","96.08"
"9059","8479","2021-10-18","709.22"
"9067","8603","2021-12-8","350.6"
"9072","8399","2021-11-15","549.92"
"9073","8331","2021-11-9","356.52"
"9077","8672","2021-12-8","1195.09"
"9078","8318","2021-9-15","82.74"
"9082","8322","2021-9-15","204.8"
"9084","8600","2021-12-9","208.23"
"9092","8311","2021-10-20","343"
"9093","8540","2021-10-13","113.16"
"9097","8435","2021-10-13","198.27"
"9100","8499","2022-2-4","215.59"
"9101","8634","2021-9-28","105.69"
"9108","8364","2021-10-13","398.48"
"9114","8333","2021-9-29","308.21"
"9116","8320","2021-11-16","61.93"
"9117","8649","2021-11-30","202.45"
"9127","8473","2021-10-18","1187.63"
"9134","8650","2021-11-9","165.77"
"9136","8512","2021-11-22","202.45"
"9137","8333","2021-9-24","165.36"
"9148","8474","2021-10-6","150.27"
"9151","8315","2022-1-28","246.57"
"9152","8788","2021-11-1","195.37"
"9164","8327","2021-10-4","230.62"
"9165","8791","2021-11-15","69.23"
"9172","8514","2021-10-7","202.45"
"9175","8384","2021-11-10","28.76"
"9179","8646","2021-10-13","438.63"
"9182","8623","2021-10-13","207.86"
"9183","8344","2022-1-11","318.6"
"9187","8637","2021-10-7","105.27"
"9210","8304","2021-10-14","219.76"
"9211","8585","2021-9-24","523.66"
"9212","8521","2021-9-24","224"
"9214","8378","2021-11-15","323.36"
"9218","8342","2021-12-14","236.15"
"9229","8457","2021-10-25","414.4"
"9241","8349","2021-11-15","206.61"
"9242","8535","2022-1-4","34.73"
"9247","8599","2021-12-9","286.73"
"9251","8330","2021-9-26","198.22"
"9254","8594","2022-1-10","209.44"
"9258","8539","2021-11-16","278.09"
"9259","8598","2021-11-29","125.14"
"9261","8558","2021-9-25","101.23"
"9266","8510","2021-10-21","202.45"
"9268","8411","2021-12-9","88"
"9271","8394","2021-9-15","60.84"
"9280","8705","2021-12-13","303.76"
"9291","8475","2021-12-21","16.64"
"9293","8622","2022-1-10","89.76"
"9300","8392","2021-10-7","202.45"
"9303","8743","2021-10-28","149.45"
"9306","8635","2021-10-7","202.45"
"9309","8470","2022-1-12","200.24"
"9312","8366","2021-9-24","263.63"
"9313","8633","2021-10-28","97.7"
"9316","8395","2022-2-28","48.19"
"9332","8746","2021-11-17","180.89"
"9341","8658","2021-12-31","211.62"
"9355","8434","2021-9-15","369.9"
"9374","8346","2021-9-20","119.55"
"9376","8543","2021-12-9","237.6"
"9393","8482","2021-12-6","335.52"
"9417","8663","2021-11-15","430.85"
"9418","8625","2022-1-10","215.42"
"9436","8354","2021-10-19","111.86"
"10157","8679","2021-10-22","224"
"10161","8485","2021-12-9","156"
"10166","8367","2021-10-13","287.96"
"10204","8515","2021-11-12","135.52"
"10310","8503","2021-10-26","196.57"
"10337","8407","2021-11-15","166.88"
"10342","8387","2021-10-18","63.94"
"10344","8386","2022-1-19","202.25"
"10380","8517","2021-10-1","135.52"
"10420","8379","2021-11-9","147.05"
"10521","8733","2022-1-11","360.3"
"10575","8685","2021-11-10","202.02"
"10607","8730","2021-10-25","96"
"10625","8656","2021-10-1","75.02"
"10629","8471","2021-12-2","91.5"
"10637","8655","2021-11-12","202.45"
"10645","8681","2021-11-3","147.16"
"10652","8527","2021-10-20","428.86"
"10660","8532","2022-3-15","477.51"
"10694","8501","2021-11-12","165.77"
"10705","8477","2021-10-18","76.2"
"10753","9063.09.21","2021-11-15","339"
"10761","8745","2021-12-16","23.43"
"10933","8363","2022-1-20","323.74"
"10970","8707","2021-11-15","16.5"
"10974","8724","2021-11-15","259.92"
"10999","8408","2021-10-20","76.2"
"11016","8728","2021-11-18","25.13"
"11042","8476","2021-10-6","112.92"
"11043","8469","2022-6-30","330.19"
"11059","8526","2021-10-6","222.24"
"11093","8525","2021-11-15","163.92"
"11115","8593","2021-10-25","315.18"
"11133","8735","2021-11-18","66.57"
"11144","8588","2021-10-21","346.75"
"11148","8530","2021-11-15","84.8"
"11162","8596","2021-11-4","93.48"
"11208","9228","2021-11-26","257.36"
"11518","8500","2021-10-7","135.52"
"11597","8901","2021-12-6","194.08"
"11636","8505","2021-11-9","206.3"
"11680","8752","2022-1-4","117.92"
"11694","8777","2021-9-28","288.74"
"11698","8455","2021-10-7","243.92"
"11751","8502","2021-12-27","165.77"
"11834","8664","2021-10-14","131.9"
"11867","8444","2021-10-13","214.69"
"12021","8654","2021-10-11","135.52"
"12044","8416","2021-11-3","159.77"
"12129","8486","2021-11-30","418.21"
"12139","8711","2022-1-10","286.36"
"12149","8657","2022-2-4","202.45"
"12335","8740","2021-9-28","310.4"
"14829","8737","2021-12-2","410.64"
"14839","8460","2021-10-7","30.37"
"14854","8680","2021-10-6","135.52"
"14880","8461","2021-9-24","183.2"
"14895","8811","2021-11-23","151.69"
"15099","8825","2021-12-9","131.86"
"15280","8682","2022-1-28","105.27"
"15317","8736","2021-11-15","85.43"
"15389","8678","2022-1-28","202.45"
"15407","8683","2021-12-3","135.52"
"15819","8423","2022-3-15","286.93"
"15860","8822","2021-12-10","101.6"
"15873","8699","2021-10-7","90.14"
"16605","8660","2021-10-7","138.26"
"16664","8676","2021-10-11","105.27"
"16720","8748","2021-10-11","180.89"
"20217","8839.09.21","2022-1-5","56.76"
"20224","8841.09.21","2021-11-15","96"
"20285","8738","2021-11-15","117"
"20335","8466","2021-11-15","83.26"
"20342","8872.09.21","2022-1-20","194.01"
"20349","8850.09.21","2022-1-20","55.5"
"20370","8823.09.21","2022-1-11","264.73"
"20400","9040.09.21","2021-11-15","15"
"20467","8852.09.21","2022-1-11","298.5"
"20568","8869.09.21","2021-11-15","478.18"
"20584","8741","2022-1-20","309.15"
"20685","8836.09.21","2021-12-2","231"
"20702","8814.09.21","2022-1-5","224.66"
"20709","9197","2021-11-18","201.24"
"20737","8742","2021-12-16","128.04"
"20744","8833.09.21","2021-11-18","114.23"
"20762","8591","2021-10-26","61.58"
"20770","8465","2021-12-31","33"
"20794","8818.09.21","2022-1-11","200.27"
"20946","8700","2022-1-21","150.64"
"20953","8701","2021-10-7","90.14"
"21400","8747","2021-11-9","135.52"
"23305","8849.09.21","2021-10-18","217.5"
"23306","8845","2021-10-18","185.1"
"26795","8863","2021-12-6","85.28"
"27459","9225","2022-5-19","112.68"
"27469","8592","2021-10-11","64.62"
"27473","9143","2021-12-13","284.84"
"27474","9157","2022-1-4","344.08"
"27476","9145","2021-12-31","219.88"
"27484","8968","2021-12-10","155.11"
"27485","8939","2022-1-14","178.72"
"27489","9159","2021-12-31","140.03"
"27495","9154","2021-12-6","115.2"
"27516","9011","2021-12-13","202.02"
"27522","9148","2021-12-9","25"
"27526","8969","2021-12-9","426.17"
"27538","8934","2022-1-10","75.4"
"27552","9158","2021-12-9","237.6"
"27557","8941","2021-12-20","20"
"27579","9161","2021-12-21","107.64"
"27580","8911","2022-1-10","179.52"
"27581","8927","2022-1-10","89.76"
"27583","9142","2022-1-4","413.63"
"27584","9155","2022-1-19","112.26"
"27585","9247","2021-12-9","195.44"
"27586","9156","2021-12-9","77.12"
"27598","9147","2021-12-13","426.66"
"27600","9149","2021-7-4","314.16"
"27608","8881.09.21","2021-12-16","108.56"
"27609","8879.09.21","2021-11-15","346.7"
"27610","8931","2021-10-20","106.8"
"27614","8684","2022-2-15","202"
"27615","8940.09.21","2021-11-15","15"
"27618","8864","2021-11-18","142.3"
"27620","8828","2021-10-25","194.52"
"27621","8870","2021-12-27","112.35"
"27622","8884.09.21","2022-1-11","50.64"
"27626","8847.09.21","2021-11-18","65.63"
"27640","8990","2021-11-15","111.01"
"27642","9029","2021-12-13","135.32"
"27645","8984","2022-1-14","274.16"
"27646","9007","2021-12-10","169.6"
"27655","8976","2021-12-9","449.31"
"27661","8981","2022-1-4","182.3"
"27669","8988","2021-12-10","25"
"27686","9006","2021-12-15","122.91"
"27687","9014","2021-12-9","25"
"27693","8999","2022-1-4","183.2"
"27696","9130","2021-10-22","141.34"
"27702","9001","2021-12-9","20"
"27710","8928","2021-10-18","117"
"27713","8862","2021-11-15","72.12"
"27714","8982","2022-1-4","305.6"
"27721","8973","2021-12-6","101.6"
"27723","9072","2021-12-10","74.4"
"27733","8996","2021-12-9","20"
"27740","9137","2022-1-4","83.42"
"27748","8935","2021-10-18","137.4"
"27751","8949","2022-2-28","185.64"
"27752","8997","2021-12-10","38.18"
"27755","9136","2022-1-4","156.27"
"27765","9003","2021-12-10","101.6"
"27803","9050","2021-12-13","98.62"
"27806","8945","2021-11-15","183.48"
"27811","8929","2022-2-28","99.15"
"27812","8947","2021-11-15","183.48"
"27817","9047","2021-12-10","203.6"
"27818","9049   10523","2022-4-20","40.75"
"27822","8702","2021-10-6","165.77"
"27833","9060","2022-1-10","59.84"
"27834","9083","2021-12-31","372.1"
"27836","9064","2021-12-8","25"
"27837","9057","2021-12-13","25"
"27846","9055","2022-1-14","30.88"
"27850","9054","2021-10-28","354.02"
"27852","8905.09.21","2021-10-6","119.4"
"27862","9053","2021-12-31","249.38"
"27864","9603","2022-3-24","90.72"
"27878","8888.09.21","2022-4-26","343.72"
"27879","8703","2022-2-9","136.07"
"27883","8890.09.21","2022-1-20","440.25"
"27884","9044","2022-2-18","891.75"
"27889","8704","2021-10-6","202.45"
"27894","8952","2021-11-15","235.32"
"27895","9233","2022-6-2","15"
"27898","8908.9.21","2021-11-15","10"
"27899","9107","2021-10-22","74.4"
"27901","#9095","2021-12-9","25"
"27904","#9119","2021-10-28","25"
"27905","9112","2021-12-10","142.4"
"27906","#9110","2021-12-9","25"
"27908","9103","2021-12-9","264.8"
"27915","9113","2021-12-8","101.6"
"27920","9100","2021-12-6","147.1"
"27923","9097","2021-12-9","196.8"
"27924","9268","2021-11-10","716.71"
"27930","9094","2021-12-9","49.92"
"27932","9109","2021-12-17","250.64"
"27957","9111","2022-1-4","156"
"27958","8776.09.21","2021-10-26","59.42"
"27959","8953","2021-12-27","353.64"
"27961","8954","2021-11-18","72.12"
"27976","9203","2022-1-14","171.63"
"27978","9292","2022-1-3","157.34"
"27982","9318","2021-12-15","333.35"
"27985","9314","2021-12-6","340.64"
"27986","9342","2021-11-18","314.69"
"27991","9312","2021-12-10","156"
"27994","9337","2021-10-20","112.26"
"27995","9321","2022-2-9","237.6"
"27996","9293","2021-12-13","30.88"
"28001","9335","2021-12-10","194.18"
"28002","9319","2021-12-10","101.6"
"28004","9316","2022-1-3","203.6"
"28008","9139","2021-10-25","144.48"
"28009","9019","2021-11-15","227.16"
"28011","9235","2021-10-25","106.8"
"28012","8961","2022-2-28","15"
"28013","9124","2022-6-30","376.75"
"28014","9222","2022-6-29","456.45"
"28015","8895.09.21","2021-11-15","78"
"28016","9122","2022-6-29","404.05"
"28018","8944.09.21","2021-11-15","15"
"28019","8892.09.21","2021-11-15","150"
"28021","9323","2021-12-10","25"
"28022","9084","2021-11-17","292"
"28026","9322","2022-1-4","83.78"
"28032","9189","2021-10-28","59.44"
"28042","9326","2022-1-3","135.32"
"28044","8769","2021-11-9","135.52"
"28045","9046","2021-10-14","179.27"
"28047","9123","2021-10-18","259.8"
"28050","8894.09.21","2021-11-15","328.2"
"28051","9120","2021-12-2","76.2"
"28052","8962","2021-11-15","194.52"
"28055","9127","2022-2-28","54.78"
"28056","9126","2021-11-15","368.84"
"28057","8907","2021-11-16","168.91"
"28058","8983","2022-2-28","60.29"
"28059","9080","2022-1-5","259.8"
"28060","9329","2021-12-10","263.99"
"28062","9043","2022-2-28","76.2"
"28063","9240","2022-3-15","142.5"
"28064","9236","2022-1-31","211.26"
"28067","9242","2021-12-2","164.94"
"28068","8958","2021-10-18","351.96"
"28071","9239","2021-10-14","152.09"
"28072","8957","2021-11-15","342.65"
"28079","8956","2021-12-2","193.56"
"28080","9076","2022-2-28","365.32"
"28084","8959","2022-1-20","262.27"
"28087","9212.09.21","2022-1-5","28.5"
"28092","9128","2022-2-28","162.9"
"28093","9173","2021-11-15","406.5"
"28094","9252","2021-10-20","312"
"28095","9573","2021-12-10","122.06"
"28096","9356","2021-11-29","413.62"
"28097","8885","2021-10-7","155.82"
"28099","9299","2022-6-2","76.2"
"28102","9243","2021-12-16","253.68"
"28105","9081","2021-10-18","137.4"
"28106","9106","2022-1-5","134.45"
"28107","9256","2021-10-25","214.13"
"28108","9091","2021-10-25","147.6"
"28110","9382","2021-12-9","20"
"28112","9377","2022-1-4","319.26"
"28114","9388","2022-1-19","203.6"
"28115","9348","2022-1-14","200.78"
"28119","9576","2022-1-10","191.36"
"28123","9574","2021-12-15","397.71"
"28124","9350","2022-1-4","33.57"
"28128","8946.09.21","2021-11-15","339"
"28131","9223","2021-12-10","370.96"
"28132","9379","2021-11-9","241.04"
"28136","9166","2021-12-2","76.2"
"28137","9381","2021-12-31","289.03"
"28138","9213.09.21","2021-10-25","15"
"28139","9399","2022-1-31","100.11"
"28140","9177","2022-1-5","185.64"
"28141","9202","2021-10-25","720.61"
"28142","9167","2022-2-28","247.56"
"28143","9347","2021-12-6","65.28"
"28146","8897.09.21","2021-10-25","177"
"28148","8950.09.21","2021-10-25","96"
"28151","8887","2021-10-7","165.77"
"28153","8917.09.21","2021-10-18","64"
"28158","9250","2021-10-18","217.5"
"28159","9300","2021-12-2","123.12"
"28160","9251","2021-10-25","177"
"28161","9151","2021-10-18","225.75"
"28162","9004","2022-1-5","229.2"
"28166","9249","2021-11-15","65.62"
"28168","9175","2022-2-28","354.92"
"28169","9077","2021-11-15","480.52"
"28171","9170","2022-6-30","76.2"
"28173","9165","2021-10-25","15"
"28175","9248","2021-11-15","177"
"28176","8948.09.21","2021-10-25","96"
"28178","9221","2021-10-25","38.62"
"28179","9163","2022-2-28","76.2"
"28180","8951.09.21","2021-11-15","96"
"28181","9295","2021-11-15","76.94"
"28182","9575","2021-12-15","40.8"
"28183","9297","2021-12-2","52.02"
"28187","8915.09.21","2021-10-6","215.01"
"28188","9614","2021-12-21","125.22"
"28193","9069.09.21","2021-12-2","339"
"28194","9308","2022-2-28","406.5"
"28195","8889","2021-10-19","143.49"
"28199","9578","2021-11-17","85.42"
"28200","9266","2021-12-2","460.5"
"28203","9596","2021-12-31","1087.74"
"28207","9078.09.21","2021-12-2","254.93"
"28208","9071.09.21","2021-12-16","15"
"28210","9305","2021-12-28","15"
"28213","9021.09.21","2021-12-16","49.3"
"28215","9306","2021-11-18","177"
"28220","9303","2022-2-28","498.3"
"28221","9310","2021-11-15","224.25"
"28222","9304","2022-2-28","15"
"28227","9045","2022-1-7","79"
"28230","9302","2022-2-28","96"
"28231","9087","2021-10-18","119.63"
"28232","9125","2021-10-18","65.28"
"28237","9301","2021-10-18","90.6"
"28240","9098.09.21","2021-12-2","59.86"
"28243","9067.09.21","2021-12-2","450.38"
"28249","9315","2021-11-18","191.11"
"28253","9082.09.21","2021-11-18","47.65"
"28255","9079.09.21","2021-12-2","15"
"28256","9068.09.21","2021-12-2","86.25"
"28257","9104.09.21","2021-12-2","15"
"28258","9121.09.21","2022-2-28","387.23"
"28261","9184","2021-10-26","79.32"
"28262","9028","2021-11-12","257.73"
"28271","9339","2021-12-2","497.79"
"28273","9216.09.21","2021-11-15","339"
"28277","9219.09.21","2022-1-5","15"
"28278","9332","2021-12-2","339"
"28279","9218.09.21","2022-5-13","39.63"
"28280","9583","2021-12-9","196.8"
"28285","9022.09.21","2021-12-2","180.58"
"28286","9176.09.21","2022-6-22","15"
"28288","9267.09.21","2022-1-20","177"
"28297","9172.09.21","2021-12-2","358.04"
"28298","9174.09.21","2021-11-15","15"
"28299","9215.09.21","2021-12-2","15"
"28301","9330","2021-12-27","285"
"28303","9217.09.21","2021-12-2","349.8"
"28304","9169.09.21","2021-12-2","432.15"
"28305","9681","2021-12-21","20.57"
"28308","9324","2021-11-15","96"
"28310","9307","2021-12-16","681.41"
"28311","9336","2021-10-25","141.36"
"28314","9327","2021-12-2","96"
"28317","9188","2021-12-2","227.69"
"28320","9684","2022-1-19","56.1"
"28321","9031","2021-10-11","227.09"
"28322","9317","2021-11-15","402.3"
"28323","9338","2021-11-15","230.46"
"28326","9580","2021-12-9","44.05"
"28327","9584","2022-1-14","48.17"
"28329","9320","2021-12-2","119.04"
"28330","9334","2021-11-15","15"
"28331","9265.09.21","2021-11-18","508.74"
"28333","9376","2021-10-25","217.5"
"28335","9581","2021-11-29","231.84"
"28342","9030","2021-11-9","329.94"
"28344","9325","2021-12-16","519.45"
"28345","9034",,"161.64"
"28348","9227","2022-1-19","342.55"
"28350","9590","2021-10-25","329.16"
"28353","9586","2021-12-10","237.6"
"28354","9629","2021-12-31","88.18"
"28356","9587.09.21","2021-12-2","120.84"
"28357","9387.09.21","2021-12-27","420"
"28358","9385.09.21","2021-12-2","217.5"
"28362","9390","2021-11-15","258"
"28363","9398","2021-12-2","387.6"
"28364","9383","2021-11-15","524.09"
"28365","9033","2021-10-7","238.31"
"28366","8896","2021-10-21","81.78"
"28368","9289","2021-12-16","339"
"28370","8898","2021-12-2","16.98"
"28371","9597","2022-1-31","82.86"
"28372","9380","2021-11-15","257.76"
"28375","9351","2022-6-2","204"
"28376","9612","2022-1-4","268.45"
"28379","9395","2021-12-2","69"
"28382","9591.09.21","2021-12-2","339"
"28383","9397.09.21","2021-11-15","44.7"
"28385","9389.09.21","2021-12-2","381.38"
"28387","9393.09.21","2021-12-2","159.38"
"28393","9394.09.21","2021-12-2","267.72"
"28394","9589.09.21","2022-1-20","329.91"
"28401","9035","2021-10-7","114.89"
"28404","9594","2022-1-4","217.94"
"28406","9588","2021-10-22","421.92"
"28408","9598.09.21","2021-12-2","170.25"
"28411","9595.09.21","2021-12-2","77.04"
"28412","9602.09.21","2021-12-2","274.88"
"28413","9593.09.21","2021-11-15","15"
"28416","9643","2022-1-5","217.5"
"28417","9605.09.21","2021-12-2","211.93"
"28423","9644","2021-12-16","69"
"28424","9646.10.21","2022-1-5","82.5"
"28432","9601.09.21","2021-11-15","123"
"28434","9649","2022-2-28","848.25"
"28436","9357.09.21","2021-10-18","9.53"
"28437","9653","2021-10-18","53.83"
"28438","9645","2022-2-28","204"
"28443","9232","2021-10-21","163.4"
"28444","9231","2021-12-3","150.64"
"28455","9654.10.21","2022-5-13","183.75"
"28457","9617","2021-10-22","100.55"
"28458","9674","2021-12-2","183.75"
"28470","9671","2021-10-25","191.78"
"28472","9214.09.21","2021-12-2","186.94"
"28473","9648.10.21","2022-4-26","52.5"
"28477","9651","2021-10-25","179.02"
"28482","9673","2021-12-2","290.4"
"28483","9652.10.21","2021-11-18","208.94"
"28484","9650.10.21","2021-12-16","95.12"
"28488","9604","2022-1-10","81.99"
"28489","9641","2022-1-4","59.84"
"28490","9638","2021-11-5","20.29"
"28496","9633","2022-1-31","320.24"
"28497","9700","2021-11-15","215.42"
"28500","9658.10.21","2021-12-2","86.3"
"28501","9657.10.21","2021-12-2","96"
"28502","9204.09.21","2022-1-5","317.26"
"28509","9191","2022-3-15","145.15"
"28510","9691","2022-7-11","360.49"
"28511","9582","2021-10-28","29.56"
"28522","9765","2021-10-28","56.1"
"28525","9659.10.21","2021-12-2","211.83"
"28539","9624","2021-12-10","336.88"
"28541","9702","2022-1-31","170.47"
"28542","9756","2021-11-26","119.68"
"28543","9626","2022-1-4","395.36"
"28546","9718","2021-12-27","160.8"
"28547","9685","2021-12-17","356.72"
"28549","9716","2021-11-15","75.75"
"28552","9711","2021-11-18","1199.11"
"28554","9830.10.21","2022-1-31","412.9"
"28560","9344","2021-10-13","240.65"
"28561","9776","2022-2-22","359.04"
"28564","9715","2021-11-15","96"
"28571","9676","2021-12-6","411.68"
"28573","9720","2022-1-31","177"
"28574","9707","2021-10-25","231.56"
"28578","9672","2021-12-9","38.82"
"28581","9709","2021-11-5","220.44"
"28583","9714","2021-12-31","224.4"
"28584","9760","2021-11-10","179.52"
"28585","9769","2021-11-15","310.33"
"28587","9706","2021-12-31","210"
"28589","9717","2021-10-22","247.08"
"28593","9712","2021-10-22","157.08"
"28601","9660.10.21","2021-10-22","30.88"
"28604","9731","2022-1-31","82.5"
"28605","9733","2021-12-2","306.6"
"28607","9729","2022-2-28","309.84"
"28609","9726","2021-12-2","904.41"
"28616","9738","2021-11-15","74.4"
"28618","9686","2021-12-13","292"
"28623","9719","2022-1-10","486.2"
"28630","9751","2022-2-28","123"
"28631","9637","2022-6-30","663"
"28633","9639","2021-10-25","389.94"
"28634","9750","2021-11-15","191.11"
"28635","9740","2021-12-2","331.71"
"28636","9767","2021-11-22","124.96"
"28637","9748","2022-1-5","90.7"
"28639","9621","2021-12-2","137.4"
"28641","9640","2021-11-18","82.5"
"28642","9806","2021-11-15","106.12"
"28645","9634","2021-10-25","88.38"
"28647","9631","2021-12-2","123.32"
"28650","9688","2021-10-22","79.14"
"28651","9761","2021-11-15","160.8"
"28652","9661.10.21","2021-12-2","177"
"28655","9763","2021-12-2","462.69"
"28657","9642","2021-12-2","101.71"
"28658","9757","2021-12-2","379.5"
"28661","9710","2021-10-29","138.26"
"28670","9690","2022-2-1","92.14"
"28674","9622","2021-10-26","45.36"
"28676","9665.10.21","2021-11-15","301.26"
"28680","9762","2022-2-8","167.55"
"28681","9770","2022-2-2","94.56"
"28687","9662.10.21","2021-12-2","361.5"
"28690","9664.10.21","2021-12-2","96"
"28693","9782","2021-12-2","15"
"28708","9778","2021-10-21","77.49"
"28710","9752","2021-12-20","33"
"28713","9829.10.21","2022-1-20","217.5"
"28714","9773","2021-12-16","474"
"28716","9779","2021-10-25","237.75"
"28719","9698","2021-10-29","63.28"
"28729","9828.10.21","2022-1-20","288.51"
"28732","9789","2021-12-16","217.5"
"28736","9713","2021-10-14","77.49"
"28741","9783","2022-1-5","137.4"
"28745","9863","2021-12-2","39.14"
"28747","9830.10.21","2022-6-29","15"
"28749","9693","2021-10-14","290.89"
"28750","9790","2021-12-2","179.63"
"28752","9668.10.21","2021-10-22","55.5"
"28753","9793","2021-11-18","609"
"28754","9780","2021-11-15","349.8"
"28756","9666.10.21","2022-2-7","128.4"
"28757","9667.10.21","2022-2-28","96"
"28758","9791","2021-10-25","238.18"
"28760","9797","2021-12-2","59.6"
"28761","9816","2021-12-2","258"
"28763","9813","2021-11-15","217.5"
"28764","9795","2021-11-18","96"
"28765","9804","2022-1-25","51.71"
"28767","9847","2022-2-11","33"
"28773","9682","2021-11-15","54.36"
"28778","9831.10.21","2022-1-5","169.25"
"28781","9743","2022-1-31","101.48"
"28787","9745","2021-12-10","126.63"
"28788","9746","2021-12-9","643.64"
"28791","9798","2021-12-2","292.02"
"28792","9785.10.21","2021-12-27","456.18"
"28794","9818","2022-1-20","171.45"
"28797","9787.10.21","2022-6-30","317.4"
"28798","9820","2022-3-28","228.93"
"28800","9788.10.21","2021-12-2","47.4"
"28806","9759","2021-11-9","12.95"
"28807","9826","2021-11-15","128.89"
"28808","9802","2021-11-15","411.9"
"28812","9812.10.21","2022-5-13","217.5"
"28813","9832.10.21","2021-12-2","799.86"
"28815","9817.10.21","2022-1-5","285"
"28819","9794","2021-10-18","60.77"
"28820","9819.10.21","2021-12-16","409.2"
"28821","9833.10.21","2022-5-13","25.8"
"28822","9852","2022-3-15","209.4"
"28823","9803","2021-11-15","90.6"
"28827","9845","2021-10-25","236.57"
"28828","9754","2022-1-3","211.42"
"28829","9873","2021-11-15","15"
"28831","9868","2021-10-18","485.02"
"28836","9792","2021-11-17","165.77"
"28839","9805","2021-11-15","22.56"
"28840","9799","2022-1-21","29.75"
"28842","9777","2021-10-25","172.34"
"28843","9834.10.21","2022-1-5","428.1"
"28844","9842","2022-1-31","212.52"
"28845","9827","2021-12-9","286.87"
"28846","9841","2022-1-31","269.05"
"28847","9824","2022-1-31","316.41"
"28848","9840","2022-2-28","15"
"28849","9825","2021-11-15","356.58"
"28851","9821","2021-11-12","242"
"28852","9796","2021-10-18","33"
"28854","9855","2021-10-25","49.41"
"28855","9835.10.21","2022-6-2","42"
"28857","9853","2021-10-28","75.29"
"28860","9891","2021-12-13","406.4"
"28862","9857","2022-2-28","202.52"
"28863","9858","2022-1-20","462.81"
"28865","9836","2021-12-2","177"
"28866","9838","2021-11-18","89.25"
"28868","9856","2021-11-12","125.23"
"28871","9861","2022-2-7","216.1"
"28873","9849","2022-1-31","207.9"
"28874","9846","2022-1-31","174.74"
"28875","9840   10157","2021-11-15","315.35"
"28876","9860","2022-7-11","197.25"
"28877","9839","2021-11-15","531.81"
"28878","9859","2022-1-20","75.75"
"28889","9871","2021-11-12","83.46"
"28890","9864","2022-1-31","302.53"
"28892","9872","2021-11-9","254.68"
"28893","9865","2022-2-7","101.4"
"28899","9866","2022-1-31","5.44"
"28905","9881","2021-12-8","37.59"
"28906","9878","2022-2-28","498.76"
"28908","9879","2021-12-2","328.2"
"28911","9893","2021-12-3","56.9"
"28912","9882","2022-2-7","90.6"
"28914","9884","2021-11-18","46.45"
"28920","9889","2022-1-14","209.62"
"28921","9892","2022-4-26","196.44"
"28922","9887","2021-12-2","109.06"
"28926","9890","2021-11-26","12.38"
"28928","9900","2022-1-5","386.56"
"28929","9897","2021-11-15","64.47"
"28930","9902","2021-12-2","167.75"
"28931","9899","2021-12-3","49.73"
"28940","9901","2021-11-15","285"
"28943","9957","2021-12-2","96"
"28946","9910","2021-12-2","86.08"
"28947","9929","2021-12-2","346.44"
"28949","9904","2022-3-28","600.9"
"28950","9903","2021-12-16","104.31"
"28952","9907","2021-12-2","83.2"
"28953","9905","2021-11-17","22.42"
"28954","9909","2022-1-20","174.5"
"28955","9944","2021-12-27","33"
"28956","9916","2021-10-29","33.94"
"28959","9914","2021-12-2","12.5"
"28961","9911","2022-2-28","406.5"
"28962","9912","2021-12-2","29.22"
"28965","9915","2022-1-12","151.74"
"28969","9921","2021-12-2","17.01"
"28970","9926","2022-4-26","285"
"28971","9924","2022-1-5","335.62"
"28974","9923","2021-12-7","65.39"
"28976","9932","2022-4-26","679.83"
"28980","9928","2022-1-5","50.17"
"28981","9933","2021-12-2","177"
"28983","9936","2021-11-17","10.31"
"28984","10043","2022-4-4","93.32"
"28985","9938","2021-12-2","109.63"
"28986","9940","2021-12-2","9940"
"28987","9930","2021-12-2","124.2"
"28989","9931","2022-7-11","15"
"28991","9945","2022-1-10","265.98"
"28994","9952","2022-1-21","33"
"28995","9949","2022-2-5","218.02"
"28996","9947","2021-12-27","191.34"
"29000","9951","2022-1-5","160.8"
"29002","9955","2022-1-20","142.58"
"29003","9958","2022-1-31","94.65"
"29010","9954","2021-12-27","37.67"
"29011","9961","2022-4-26","339"
"29013","9959","2021-12-2","232.62"
"29016","9963","2021-11-1","47.69"
"29018","9964","2021-12-2","141"
"29019","9983","2022-4-9","301.65"
"29020","9962","2021-12-2","237.75"
"29021","9965","2021-12-27","64.4"
"29022","9973","2021-12-15","152.83"
"29023","9970","2021-12-2","367.13"
"29026","9972","2021-12-2","300.72"
"29028","9975","2021-12-2","177"
"29030","9985","2022-1-20","94.65"
"29031","9982","2022-1-5","136.5"
"29032","9977","2022-1-20","236"
"29034","9976","2021-11-24","222.01"
"29036","9981","2021-12-2","315.78"
"29037","9984","2021-12-2","177"
"29040","9989","2021-12-2","79.8"
"29045","10000","2022-1-5","112.24"
"29046","9995","2021-12-2","453.75"
"29047","9992","2021-12-2","35"
"29048","9990","2021-12-2","130.63"
"29049","9999","2021-12-2","162.23"
"29050","9986","2022-2-28","17.5"
"29052","9987","2021-11-16","77.84"
"29053","9993","2022-1-5","177"
"29054","9991","2022-2-28","336.84"
"29056","10002","2022-1-15","165.24"
"29059","10001","2022-1-5","237.8"
"29061","10003","2022-1-31","158.1"
"29062","10014","2021-12-27","165.77"
"29070","10009","2022-1-5","79.8"
"29072","10008","2021-12-2","39.3"
"29073","10017","2022-1-5","55.5"
"29075","10012","2021-12-2","96"
"29076","10016","2021-12-21","78.54"
"29077","10005","2022-4-26","75.6"
"29078","10015","2021-12-2","136.5"
"29079","10010","2021-12-2","134.25"
"29086","10011","2021-12-8","20"
"29087","10024","2022-1-26","147.37"
"29090","10027","2022-1-28","16.64"
"29091","10036","2021-12-2","764.8"
"29092","10022","2022-3-28","339"
"29093","10033","2022-1-5","158.37"
"29094","10032","2022-1-20","217.5"
"29095","10025","2022-3-15","247.12"
"29097","10035","2021-12-2","339"
"29098","10029","2022-1-24","128.53"
"29099","10039","2021-11-30","418.32"
"29100","10037","2021-12-16","112.75"
"29104","10040","2022-1-31","48"
"29107","10031","2021-11-10","175.62"
"29109","10028","2022-1-31","702.42"
"29110","10030","2021-12-2","339"
"29111","10026","2022-1-31","372.2"
"29113","10056","2021-11-23","47.69"
"29115","10047","2021-12-2","243.15"
"29119","10045","2022-2-28","217.5"
"29120","10050","2022-1-20","281.22"
"29123","10055","2021-12-3","49.43"
"29125","10052","2021-12-2","320.38"
"29128","10058","2021-12-3","24"
"29129","10057","2021-12-2","96"
"29130","10051","2022-1-31","217.5"
"29135","10066","2022-1-21","51.53"
"29137","10059","2022-1-31","229.68"
"29139","10421","2022-1-5","225.6"
"29144","10063","2022-1-20","240.14"
"29145","10069","2022-1-3","421.85"
"29146","10064","2021-12-2","339"
"29147","10065","2021-11-15","55.44"
"29152","10076","2021-12-2","507.75"
"29153","10071","2021-11-26","70.84"
"29154","10060","2022-1-31","312"
"29155","10078","2021-12-16","143.84"
"29159","10077","2021-12-2","541.5"
"29160","10136","2022-1-26","19.25"
"29164","10079","2021-12-8","41.68"
"29170","10094","2022-1-21","114.31"
"29175","10097","2021-12-15","95.36"
"29197","10159","2022-2-28","102.44"
"29207","10113","2021-12-2","339"
"29209","10117","2021-11-26","228.96"
"29213","10133","2021-12-13","102.15"
"29217","10119","2021-12-2","24.51"
"29223","10270","2021-12-24","90.33"
"29233","10139","2021-12-2","306.18"
"29242","10143","2022-4-9","206.16"
"29243","10146","2022-4-26","217.5"
"29246","10153","2022-1-20","91.02"
"29256","10147","2022-1-31","501"
"29257","10162","2022-1-20","515.31"
"29264","10167","2021-12-6","28.47"
"29269","10165","2022-2-28","61.32"
"29271","10168","2022-7-11","145.41"
"29280","10172","2021-12-2","38.75"
"29283","10228","2021-12-16","122.32"
"29284","10180","2021-12-16","97.76"
"29286","10202","2021-12-16","156.75"
"29296","10182","2022-1-31","10.5"
"29297","10200","2022-1-31","15"
"29298","10184","2022-1-20","541.5"
"29309","10186","2021-12-16","197.32"
"29313","10191","2022-6-2","246.84"
"29316","10205","2022-1-5","15"
"29326","10212","2022-1-31","21"
"29327","10214","2022-2-28","21"
"29328","10213","2022-2-28","21"
"29330","10215","2021-12-6","83.19"
"29331","10222","2021-12-27","501"
"29332","10218","2021-12-16","339"
"29341","10224","2022-7-22","159.9"
"29346","10239","2022-1-25","18.13"
"29356","10234","2021-12-16","83.85"
"29359","10245","2022-2-28","305.34"
"29366","10247","2021-12-27","94.4"
"29368","10243","2022-3-28","37.5"
"29370","10256","2021-12-27","126.89"
"29371","10246","2022-2-7","59.24"
"29374","10279","2022-1-20","125.53"
"29380","10273","2022-1-26","182.45"
"29386","10257","2022-1-28","215.77"
"29392","10259","2021-12-23","144.35"
"29393","10258","2020-1-5","148.31"
"29394","10264","2022-1-20","92.69"
"29397","10262","2022-2-28","276.41"
"29400","10265","2021-12-27","331.28"
"29401","10269","2022-7-11","202.77"
"29404","10274","2021-12-21","90.43"
"29408","10272","2022-1-12","65.83"
"29409","10285","2022-3-15","36"
"29411","10278","2022-2-22","142.09"
"29412","10277","2022-2-22","279.3"
"29413","10297","2022-1-25","172.74"
"29415","10283","2022-1-31","54.13"
"29416","10284","2022-1-31","23.89"
"29417","10290","2022-1-20","286.74"
"29421","10289","2021-12-31","125.87"
"29422","10295","2022-1-5","130.36"
"29426","10298","2022-1-20","130.36"
"29429","10301","2022-1-7","212.28"
"29434","10308","2022-1-20","177"
"29436","10302","2022-2-14","64"
"29438","10303","2022-1-20","177"
"29442","10310","2022-1-20","217.5"
"29445","10407","2022-3-15","59.37"
"29457","10317","2022-1-3","33.67"
"29465","10334","2022-1-25","22.5"
"29466","10328","2022-2-1","39.3"
"29467","10365","2022-3-28","346.95"
"29487","10379","2022-3-28","108"
"29490","10344","2022-2-18","184"
"29495","10339","2022-1-5","92.4"
"29496","10386","2022-1-20","126.48"
"29500","10362","2022-2-1","94.94"
"29504","10400","2022-1-26","48"
"29516","10372","2022-1-20","313.01"
"29521","10360","2022-3-28","86.09"
"29527","10366","2022-2-4","303.65"
"29531","10371","2022-1-19","80.64"
"29545","10389","2022-1-20","65.98"
"29547","10391","2022-1-10","31.13"
"29548","10390","2022-2-28","84.48"
"29549","10392","2022-1-31","63.2"
"29550","10394","2022-1-31","73.48"
"29555","10396","2022-2-28","181.51"
"29556","10399","2022-1-20","96.72"
"29557","10405","2022-3-11","25"
"29558","10398","2022-2-18","10.24"
"29564","10403","2022-6-2","237.6"
"29569","10415","2022-2-2","25.47"
"29580","10420","2022-2-3","33.21"
"29583","10419","2022-3-9","107.64"
"29598","10494","2022-2-7","450"
"29601","10451","2022-3-28","285"
"29604","10462","2022-2-7","236.04"
"29605","10454","2022-2-28","52.6"
"29613","10456","2022-4-9","576.72"
"29641","10466","2022-4-20","196.68"
"29644","10475","2022-2-28","231"
"29649","10476","2022-1-25","121.7"
"29650","10473","2022-2-15","12.38"
"29652","10482","2022-4-9","74.16"
"29657","10486","2022-7-11","108.54"
"29658","10480","2022-2-7","72.36"
"29659","10479","2022-2-28","102.96"
"29661","10491","2022-3-29","451.92"
"29666","10501","2022-2-7","78"
"29672","10503","2022-2-28","10.43"
"29679","10515","2022-2-4","59.17"
"29694","10525","2022-3-15","58.94"
"29695","10524","2022-1-31","46.44"
"29698","10528","2022-2-22","12.86"
"29702","10532","2022-2-7","15"
"29704","10548","2022-2-22","44.55"
"29708","10540","2022-3-15","15"
"29713","10541","2022-2-28","274.8"
"29714","10539","2022-2-28","127.32"
"29719","10542","2022-3-1","66.42"
"29720","10544","2022-2-28","141"
"29738","10557","2022-2-28","141.75"
"29747","10564","2022-2-22","426.66"
"29760","10577","2022-2-28","25.62"
"29761","10578","2022-2-28","197"
"29763","10581","2022-3-15","99.63"
"29788","10620","2022-3-15","45.32"
"29789","10599","2022-3-28","20.1"
"29793","10605","2022-3-15","81.36"
"29801","10610","2022-4-8","104.99"
"29806","10615","2022-4-9","180.28"
"29807","10621","2022-3-15","36"
"29808","10619","2022-3-8","102.43"
"29810","10650","2022-7-12","21.68"
"29813","10633","2022-4-13","220.33"
"29830","10634","2022-7-21","136.82"
"29832","10636","2022-6-20","84"
"29850","10648","2022-4-9","207.9"
"29855","10654","2022-4-12","39.3"
"29860","10652","2022-3-28","142.38"
"29863","10805","2022-4-26","15"
"29871","10662","2022-4-26","64.08"
"29876","10685","2022-3-28","27.49"
"29880","10684","2022-4-9","105.12"
"29881","10687","2022-6-2","103.8"
"29883","10678","2022-5-12","264.78"
"29911","10699","2022-5-13","22.56"
"29916","10693","2022-4-12","39.63"
"29917","10696","2022-3-28","15.03"
"29918","10694","2022-4-8","72.33"
"29921","10736  10737","2022-4-1","355.1"
"29923","10706","2022-4-12","174.87"
"29929","10709","2022-4-26","45.05"
"29930","10705","2022-4-26","41.68"
"29931","10785","2022-5-9","29.7"
"29934","10710","2022-4-1","97.96"
"29935","10719","2022-4-1","63.68"
"29936","10704","2022-6-29","73.58"
"29941","10716","2022-6-2","149.9"
"29950","10728","2022-4-26","62.28"
"29953","10730","2022-6-20","10.81"
"29957","10729","2022-5-13","75.51"
"29958","10727","2022-4-9","108.99"
"29959","10746","2022-5-13","15"
"29960","10734","2022-4-12","75.29"
"29961","10744","2022-4-1","53.74"
"29963","10735","2022-6-2","163.3"
"29966","10757","2022-6-20","265.62"
"29982","10755","2022-4-4","62.42"
"29983","10753","2022-4-9","79.03"
"29985","10756","2022-4-9","71.57"
"29988","10760","2022-4-9","75.49"
"29989","10737","2022-4-12","44.55"
"29994","10758","2022-4-26","153.79"
"29995","10761","2022-6-20","18.77"
"29996","10776","2022-6-21","21.77"
"29998","10766","2022-4-9","59.79"
"30003","10774","2022-4-26","116.78"
"30008","10778","2022-5-19","36"
"30011","10773","2022-6-2","107.01"
"30014","10783","2022-6-28","96.34"
"30018","10790","2022-5-2","10"
"30020","10781","2022-6-28","27.55"
"30021","10782","2022-5-24","72.25"
"30025","10795","2022-5-13","55.37"
"30027","10787","2022-4-26","140.77"
"30031","10811","2022-5-24","32.18"
"30039","10801","2022-4-26","121.42"
"30045","10802","2022-4-26","12.89"
"30047","10803","2022-5-24","43.86"
"30049","10807","2022-5-13","89.54"
"30051","10874","2022-5-13","314.65"
"30054","10818","2022-6-20","94.61"
"30058","10820","2022-5-13","391.8"
"30059","10841","2022-4-26","10.5"
"30063","10813","2022-4-26","115.5"
"30065","10812","2022-6-2","64.44"
"30072","10850","2022-4-26","259.56"
"30073","10845","2022-6-20","265.54"
"30077","10819","2022-4-26","355.13"
"30078","10829","2022-4-12","112.95"
"30085","10833",,"123"
"30087","10843","2022-5-24","145"
"30089","10828","2022-6-16","158.87"
"30096","10842","2022-4-26","105.58"
"30099","10844","2022-4-26","100.46"
"30108","10853","2022-4-26","13.08"
"30125","10862","2022-5-31","43.45"
"30130","10881","2022-4-26","364.73"
"30144","10886","2022-6-20","78.98"
"30150","11041","2022-6-2","87.22"
"30160","10896","2022-6-2","65.1"
"30166","10892","2022-5-13","9.35"
"30169","10908","2022-4-26","264.2"
"30170","10903","2022-7-12","38.92"
"30179","10902","2022-5-9","76.5"
"30182","10900","2022-5-19","15.12"
"30185","10924","2022-5-9","56.88"
"30191","10986","2022-5-13","124.72"
"30196","10912","2022-5-24","134.69"
"30199","10932","2022-5-13","272.47"
"30200","10931","2022-5-2","41.08"
"30229","10947","2022-6-20","142.74"
"30230","11043","2022-5-31","29.7"
"30231","11143","2022-7-4","45.84"
"30244","10955","2022-4-26","127.08"
"30245","10971","2022-5-2","130.14"
"30253","10968","2022-5-31","44.17"
"30254","10980","2022-5-31","29.7"
"30255","10966","2022-5-31","21.23"
"30256","10977","2022-7-20","56.82"
"30266","10992","2022-5-13","34.02"
"30271","11009","2022-7-11","401.5"
"30272","10988","2022-5-19","7.68"
"30277","10989","2022-5-31","23.43"
"30280","10995","2022-7-18","354.58"
"30285","11004","2022-5-13","14.55"
"30289","11001","2022-5-9","134.97"
"30293","11010","2022-5-13","36"
"30299","11020","2022-6-2","38.04"
"30314","11021","2022-5-13","52.33"
"30317","11025","2022-7-1","137.9"
"30323","11034","2022-5-13","33.26"
"30327","11033","2022-5-13","123.03"
"30328","11035","2022-5-13","40.32"
"30336","11057","2022-6-2","81"
"30361","11068","2022-6-20","124.92"
"30367","11075","2022-7-18","75.44"
"30371","11096","2022-7-22","108.12"
"30377","11077","2022-7-6","192.09"
"30385","11090","2022-5-24","30.56"
"30392","11092","2022-6-2","81"
"30398","11093","2022-6-30","24.6"
"30400","11104","2022-6-13","96.73"
"30403","11103","2022-6-20","47.7"
"30405","11102","2022-6-2","89.28"
"30408","11111","2022-6-2","99.22"
"30410","11110","2022-5-19","15"
"30412","11106","2022-6-20","26.42"
"30415","11112","2022-6-24","181.04"
"30425","11121 and 11122","2022-5-31","113.39"
"30426","11119","2022-6-23","37.5"
"30434","11124 and 11127","2022-5-16","50"
"30439","11150","2022-6-2","36"
"30440","11133 and 11134","2022-5-31","313.12"
"30461","11156","2022-6-2","139.5"
"30465","11184","2022-6-30","58.99"
"30473","11185",,"13"
"30480","11167","2022-7-6","157.27"
"30484","11166","2022-6-2","63.16"
"30488","11175","2022-6-23","97.73"
"30489","11173","2022-6-23","61.69"
"30509","11193","2022-6-6","27.96"
"30512","11194","2022-6-20","45.18"
"30517","11195","2022-7-21","78.07"
"30523","11204","2022-6-28","22.33"
"30527","11211","2022-6-28","448.19"
"30531","11206","2022-5-27","50"
"30534","11216","2022-7-11","92.45"
"30541","11207","2022-5-31","52.29"
"30543","11219","2022-7-27","10.85"
"30547","11224","2022-7-19","197.23"
"30548","11261","2022-6-23","134.77"
"30549","11222","2022-6-20","9.53"
"30550","11221","2022-7-11","17.01"
"30556","11226","2022-6-24","14.21"
"30562","11228","2022-7-18","67.9"
"30563","11318","2022-7-5","29.7"
"30567","11234","2022-6-23","18.59"
"30580","11231","2022-6-2","30"
"30586","11237","2022-7-11","33.01"
"30605","11262","2022-6-30","98.68"
"30607","11329","2022-7-11","155.91"
"30611","11260","2022-6-20","22.3"
"30617","11278","2022-6-15","27.31"
"30634","11264",,"105.28"
"30636","11281","2022-6-29","435.98"
"30658","11265","2022-6-5","48"
"30664","11311","2022-6-27","153.44"
"30668","11314","2022-7-14","51.2"
"30678","11324","2022-7-19","11.89"
"30681","11316","2022-7-11","21.57"
"30690","11224","2022-7-19","19.25"
"30695","11337","2022-6-30","106.2"
"30697","11332","2022-7-11","99.35"
"30701","11323","2022-7-21","87.89"
"30703","11344","2022-7-21","143.66"
"30709","11327","2022-6-20","84.21"
"30712","11331",,"206.1"
"30713","11333","2022-7-19","88.46"
"30719","11357","2022-6-21","8.76"
"30739","11367","2022-7-22","32.45"
"30740","11386","2022-6-29","24"
"30746","11366","2022-6-17","137.96"
"30751","11372","2022-6-30","192.24"
"30756","11389","2022-7-26","18.88"
"30757","11409","2022-7-5","92.45"
"30767","11506","2022-7-21","36"
"30773","11388","2022-6-28","92.45"
"30797","11428",,"238.1"
"30801","11412","2022-6-30","76.32"
"30809","11422","2022-7-19","19.25"
"30817","11333","2022-7-19","3.99"
"30822","11496","2022-7-11","4.75"
"30827","11433","2022-7-11","63.97"
"30841","11477","2022-6-24","292.13"
"30861","11460","2022-6-30","167.09"
"30862","11455","2022-6-13","50"
"30881","11509","2022-7-11","168.38"
"30886","11537","2022-7-11","71.91"
"30894","11518","2022-7-12","59.39"
"30896","11490","2022-6-24","358.79"
"30899","11495","2022-7-11","29.61"
"30903","11543","2022-6-30","10.79"
"30904","11488","2022-6-15","22"
"30905","11570","2022-6-30","36"
"30925","11549","2022-7-19","214.04"
"30926","11566","2022-7-21","658.83"
"30928","11583","2022-7-11","44"
"30937","11516","2022-6-17","22"
"30942","11550","2022-7-11","5.03"
"30945","11525",,"68.12"
"30950","11545","2022-7-15","59.56"
"30966","11555","2022-7-15","31.1"
"30968","11565","2022-6-30","36"
"30982","11575","2022-7-12","18.21"
"30983","11576","2022-7-15","19.9"
"31000","11569","2022-6-22","98"
"31001","11587","2022-7-20","135.52"
"31006","11612","2022-7-14","20.21"
"31008","11591","2022-7-18","127.08"
"31024","11741","2022-7-22","17.1"
"31031","11608","2022-7-15","17.94"
"31032","11614","2022-7-25","127.8"
"31033","11611","2022-7-22","90.02"
"31034","11642","2022-7-12","286.74"
"31035","11633","2022-7-12","57.87"
"31039","11620","2022-7-1","10.15"
"31040","11635","2022-7-22","59.8"
"31042","11632","2022-7-22","21.21"
"31043","11639","2022-7-22","18.98"
"31050","11609","2022-6-24","14"
"31052","11640","2022-7-15","16.97"
"31059","11645","2022-7-22","45.43"
"31064","11643","2022-7-18","37.8"
"31065","11636","2022-7-22","17.48"
"31068","11631","2022-7-21","22.24"
"31072","11621","2022-7-1","199.03"
"31084","11683","2022-7-22","31.46"
"31085","11663","2022-7-20","40.8"
"31088","11661","2022-7-22","25.91"
"31096","11660","2022-7-19","64.44"
"31099","11709","2022-7-22","39.23"
"31100","11703","2022-7-18","4.75"
"31101","11662","2022-7-18","117.01"
"31104","11686","2022-7-22","130.42"
"31105","11684","2022-7-15","21.81"
"31110","11687","2022-7-25","37.8"
"31125","11690","2022-7-11","143.64"
"31127","11701","2022-7-11","60.16"
"31134","11693","2022-7-18","31.47"
"31138","11765","2022-7-22","17.5"
"31139","11707","2022-7-20","56.76"
"31142","11727","2022-7-27","17.67"
"31144","11725","2022-7-22","147.66"
"31147","11704","2022-7-15","64.41"
"31155","11706","2022-7-15","56.75"
"31162","11772","2022-7-18","11.4"
"31165","11750","2022-7-21","46.41"
"31169","11728","2022-7-18","51.94"
"31184","11747","2022-7-22","19.21"
"31221","11775","2022-7-18","64.44"
"31225","11764","2022-7-7","14"
"31255","11804","2022-7-26","28.91"
"31268","11809","2022-7-25","66.15"
"31376","11899","2022-7-22","153.7"
"31396","11901","2022-7-19","30"
"31409","11903","2022-7-19","30"
"31496","11975","2022-8-27","130"
"31524","12020","2022-7-28","14"
